{
    "version": "2.0",
    "extensions": {
        "http": {
            "routePrefix": "",
            "dynamicThrottlesEnabled": false,
            "hsts": {
                "isEnabled": true,
                "maxAge": "525600"
            }
        }
    },
    "extensionBundle": {
        "id": "Microsoft.Azure.Functions.ExtensionBundle",
        "version": "[3.3.0, 4.0.0)"
    },
    "healthMonitor": {
        "enabled": true
    },
    "logging": {
        "logLevel": {
            "default": "Information"
        },
        "applicationInsights": {
            "samplingSettings": {
                "isEnabled": true,
                "excludedTypes": "Request"
            }
        }
    }
}
