{
    "IsEncrypted": false,
    "Values": {
        "AzureWebJobsStorage": "",

        "apiGatewaySecretKey": "@Microsoft.KeyVault(SecretUri=https://kv-rcb-dv2-ciam.vault.azure.net/secrets/apiGatewaySecretKey/)",

        "APPLICATIONINSIGHTS_CONNECTION_STRING": "InstrumentationKey=bf515d7d-1026-40e8-b479-16acf80a3ad7;IngestionEndpoint=https://westus2-0.in.applicationinsights.azure.com/",

        "FUNCTIONS_EXTENSION_VERSION": "~4",
        "FUNCTIONS_WORKER_RUNTIME": "node",

        "gcf_apiKey": "@Microsoft.KeyVault(SecretUri=https://kv-rcb-dv2-ciam.vault.azure.net/secrets/firebaseSecretKey/)",
        "gcf_endPoint": "https://us-central1-donor-mobile-app-1518476274704.cloudfunctions.net/b2c_analytics_dev",

        "keyVaultUrl": "https://kv-rcb-dv2-ciam.vault.azure.net/keys/APIGateway-JWTSigning/",

        "metadata_endpoint": "https://account-dv2.donateblood.com.au/proxy/idp/v1/oauth/.well-known/openid-configuration",

        "signatureMethod": "jwt",

        "userActivation_endPoint": "https://idp-dev2.donateblood.com.au/v1/users/activate",
        "userCreation_endPoint": "https://idp-dev2.donateblood.com.au/v1/users/pending"
    }
}
