{
    "$schema": "https://schema.management.azure.com/schemas/2015-01-01/deploymentTemplate.json",
    "contentVersion": "1.0.0.0",
  "parameters": {
    "siteName": {
      "type": "string",
      "metadata": {
        "description": "The name of the web app that you wish to create."
      }
    },
    "packageUrl": {
      "type": "string"
    },
    "sasToken": {
      "type": "securestring"
    },
    "appServicePlanName": {
      "type": "string",
      "metadata": {
        "description": "Name for the Azure hosting plan"
      }
    }
  },
    "variables": {        
        "certificateName": "[concat(parameters('siteName'),'-cert-', uniquestring(resourceGroup().id))]"
    },
    "resources": [
      {
        "apiVersion": "2016-03-01",
        "name": "[parameters('appServicePlanName')]",
        "type": "Microsoft.Web/serverfarms",
        "location": "West US",
        "properties": {
          "name": "[parameters('appServicePlanName')]",
          "numberOfWorkers": "1"
        },
        "sku": {
          "name": "S1",
          "tier": "Standard",
          "size": "S1",
          "family": "S",
          "capacity": "1"
        },
        "tags": {
          "displayName": "HostingPlan"
        }
      },
        {
            "apiVersion": "2016-03-01",
            "name": "[parameters('siteName')]",
            "type": "Microsoft.Web/sites",
            "location": "West US",
            "properties": {
                "name": "[parameters('siteName')]",
                "serverFarmId": "[resourceId('Microsoft.Web/serverFarms',parameters('appServicePlanName'))]",
                "siteConfig": {
                    "AlwaysOn": true,
                    "phpVersion": "",
                    "pythonVersion": "",
                    "nodeVersion": "",
                    "linuxFxVersion": ""                   
                }
            },
            "dependsOn": [
                "[resourceId('Microsoft.Web/serverFarms',parameters('appServicePlanName'))]"
            ],
            "resources": [
              {
                "name": "MSDeploy",
                "type": "extensions",
                "location": "West US",
                "apiVersion": "2014-06-01",
                "dependsOn": [
                  "[concat('Microsoft.Web/sites/', parameters('siteName'))]"
                ],
                "tags": {
                  "displayName": "ContentDeploy"
                },
                "properties": {
                  "packageUri": "[concat(parameters('packageUrl'), parameters('sasToken'))]",
                  "dbType": "None",
                  "connectionString": "",
                  "setParameters": {
                    "IIS Web Application Name": "[parameters('siteName')]"
                  }
                }
              }                               
            ]            
        }
    ],
    "outputs": {
        "siteUri": {
        "type": "string",
        "value": "[reference(concat('Microsoft.Web/sites/', parameters('siteName'))).hostnames[0]]"
        }
    }    
}