{
	"accountEnabled": true,
	"signInNames": [
		{
			"type": "emailAddress",
			"value": "joeconsumer@gmail.com"
		}
	],
	"creationType": "LocalAccount",
	"displayName": "Joe Consumer",
	"mailNickname": "joec",
	"passwordProfile": {
		"password": "P@ssword!",
		"forceChangePasswordNextLogin": false
	},
	"passwordPolicies": "DisablePasswordExpiration",
	
	
	"city": "San Diego",
	"country": null,
	"facsimileTelephoneNumber": null,
	"givenName": "Joe",
	"mail": null,
	"mobile": null,
	"otherMails": [],
	"postalCode": "92130",
	"preferredLanguage": null,
	"state": "California",
	"streetAddress": null,
	"surname": "Consumer",
	"telephoneNumber": null
}
