{
    "$schema": "http://schema.management.azure.com/schemas/2015-01-01/deploymentTemplate.json#",
    "contentVersion": "1.0.0.0",
    "parameters": {
        "newLabName": {
            "type": "string",
            "metadata": {
                "description": "The name of the new lab instance to be created."
            }
        },
        "existingSubnetName": {
            "type": "string",
            "metadata": {
                "description": "The name of an existing (compute) subnet instance to be configured for Lab VM creation."
            }
        },
        "existingvnetname": {
            "type": "string"
        },
        "RGName": {
            "type": "string"
        },
        "existingSharedGalleryName": {
            "type": "string",
            "metadata": {
                "description": "The resource name of the existing shared image gallery"
            }
        },
        "sharedImageRG": {
            "type": "string"
        },
        "timeZoneId": {
            "type": "string",
            "minLength": 3,
            "metadata": {
                "description": "The Windows time zone id associated with labVmShutDownTime (E.g. UTC, Pacific Standard Time, Central Europe Standard Time)."
            },
            "allowedValues": [
                "UTC",
                "UTC+05:30"
            ]
        },
        "labVmShutDownTime": {
            "type": "string",
            "metadata": {
                "description": "The time (relative to timeZoneId) at which the Lab VMs will be automatically shutdown (E.g. 17:30, 20:00, 09:00)."
            }
        }, 
        "artifactRepositoryDisplayName": {
            "type": "string"
        },
        "repositoryName": {
            "type": "string"
        },
        "artifactRepoUri": {
            "type": "string"
        },
        "artifactRepoBranch": {
            "type": "string"
        },
        "artifactRepoFolder": {
            "type": "string"
        },
        "artifactRepoType": {
            "type": "string"
        },
        "artifactRepoSecurityToken": {
            "type": "securestring"
        }
    },
    "variables": {
        "artifactRepositoryName": "[concat('Repo-', uniqueString(subscription().subscriptionId))]",
        "subscriptionId": "[subscription().subscriptionId]",
        "sigId": "[concat('/subscriptions/', variables('subscriptionId') ,'/resourcegroups/', parameters('sharedImageRG') ,'/providers/Microsoft.Compute/galleries/', parameters('existingSharedGalleryName'))]",
        "rgId": "[concat('/subscriptions/', variables('subscriptionId') ,'/resourcegroups/', parameters('RGName'))]",
        "existingVirtualNetworkId": "[concat('/subscriptions/', variables('subscriptionId') ,'/resourcegroups/', parameters('RGName') ,'/providers/Microsoft.Network/virtualNetworks/', parameters('existingvnetname'))]",
        "existingSubnetId": "[concat(variables('existingVirtualNetworkId'), '/subnets/', parameters('existingSubnetName'))]",
        "allowedImages": "\"{\\\"offer\\\":\\\"CentOS\\\",\\\"publisher\\\":\\\"OpenLogic\\\",\\\"sku\\\":\\\"7.2\\\",\\\"osType\\\":\\\"Linux\\\",\\\"version\\\":\\\"latest\\\"}\",\"{\\\"offer\\\":\\\"Oracle-Linux\\\",\\\"publisher\\\":\\\"Oracle\\\",\\\"sku\\\":\\\"7.2\\\",\\\"osType\\\":\\\"Linux\\\",\\\"version\\\":\\\"latest\\\"}\",\"{\\\"offer\\\":\\\"SQL2016-WS2012R2\\\",\\\"publisher\\\":\\\"MicrosoftSQLServer\\\",\\\"sku\\\":\\\"Enterprise\\\",\\\"osType\\\":\\\"Windows\\\",\\\"version\\\":\\\"latest\\\"}\""
    },
    "resources": [
        {
            "apiVersion": "2018-10-15-preview",
            "type": "Microsoft.DevTestLab/labs",
            "name": "[parameters('newLabName')]",
            "properties": {
                "vmCreationResourceGroupId": "[variables('rgId')]",
                "browserConnect": "Enabled"
            },
            "location": "[resourceGroup().location]",
            "resources": [
                {
                    "apiVersion": "2018-10-15-preview",
                    "name": "[parameters('existingvnetname')]",
                    "type": "virtualNetworks",
                    "dependsOn": [
                        "[resourceId('Microsoft.DevTestLab/labs', parameters('newLabName'))]"
                    ],
                    "properties": {
                        "description": "Existing Compute virtual network associated as part of the lab creation process.",
                        "externalProviderResourceId": "[variables('existingVirtualNetworkId')]",
                        "subnetOverrides": [
                            {
                                "name": "[parameters('existingSubnetName')]",
                                "resourceId": "[variables('existingSubnetId')]",
                                "useInVmCreationPermission": "Allow",
                                "usePublicIpAddressPermission": "Allow",
                                "sharedPublicIpAddressConfiguration": {
                                "allowedPorts": [
                                    {
                                    "transportProtocol": "tcp",
                                    "backendPort": "3389"
                                    }
                                ]
                            }
                    }
                        ],
                        "properties": {
                            "description": "",
                            "factName": "GalleryImage",
                            "evaluatorType": "AllowedValuesPolicy",
                            "status": "Disabled"
                        }
                    }
                },
                {
                    "apiVersion": "2018-10-15-preview",
                    "name": "[parameters('existingSharedGalleryName')]",
                    "type": "sharedGalleries",
                    "properties": {
                        "galleryId": "[variables('sigId')]",
                        "allowAllImages": "Enabled"
                    },
                    "dependsOn": [
                        "[resourceId('Microsoft.DevTestLab/labs', parameters('newLabName'))]"
                    ]
                },
                {
                    "apiVersion": "2015-05-21-preview",
                    "name": "default/GalleryImage",
                    "type": "policySets/policies",
                    "dependsOn": [
                        "[resourceId('Microsoft.DevTestLab/labs', parameters('newLabName'))]"
                    ],
                    "properties": {
                        "description": "",
                        "factName": "GalleryImage",
                        "evaluatorType": "AllowedValuesPolicy",
                        "status": "Enabled",
                        "threshold": "[concat('[', trim(variables('allowedImages')), ']')]"
                    }
                },
                {
                    "apiVersion": "2018-10-15-preview",
                    "name": "LabVmsShutdown",
                    "type": "schedules",
                    "dependsOn": [
                        "[resourceId('Microsoft.DevTestLab/labs', parameters('newLabName'))]"
                    ],
                    "properties": {
                        "status": "[if(equals(parameters('labVmShutDownTime'), 'null'),'Disabled', 'Enabled')]",
                        "taskType": "LabVmsShutdownTask",
                        "timeZoneId": "[string(parameters('timeZoneId'))]",
                        "dailyRecurrence": {
                            "time": "[string(parameters('labVmShutDownTime'))]"
                        }
                    }
                },
                
                {
                    "apiVersion": "2016-05-15",
                    "name": "[parameters('repositoryName')]",
                    "type": "artifactsources",
                    "dependsOn": [
                        "[resourceId('Microsoft.DevTestLab/labs', parameters('newLabName'))]"
                    ],
                    "properties": {
                        "uri": "[parameters('artifactRepoUri')]",
                        "folderPath": "[parameters('artifactRepoFolder')]",
                        "branchRef": "[parameters('artifactRepoBranch')]",
                        "displayName": "[parameters('artifactRepositoryDisplayName')]",
                        "securityToken": "[parameters('artifactRepoSecurityToken')]",
                        "sourceType": "[parameters('artifactRepoType')]",
                        "status": "Enabled"
                    }
                }
            ]
        }
    ],
    "outputs": {
        "labId": {
            "type": "string",
            "value": "[resourceId('Microsoft.DevTestLab/labs', parameters('newLabName'))]"
        }
    }
  }