{
    "$schema": "https://schema.management.azure.com/schemas/2015-01-01/deploymentParameters.json",
    "contentVersion": "1.0.0.0",
    "parameters": {
      "VMName": {
        "value":"labvm"
      },
      "LabName": {
        "value":""
      },
      "size": {
       "value":"Standard_B2s"
      },
      "userName": {
       "value":"AutoAdmin"
      },
      "password": {
       "value":"Welcome2020!9#"
      },
      "imagename": {
        "value":""
      },
      "imagergname" :{
        "value" : ""
      },
      "galleryName" : {
        "value" : ""
      },
      "labVirtualNetworkName" :{
        "value" : ""
      },
      "labSubnetName":{
        "value" : ""
      }
    }
  }