{
    "$schema": "https://schema.management.azure.com/schemas/2015-01-01/deploymentTemplate.json",
    "contentVersion": "1.0.0.0",
    "parameters": {
      "VMName": {
        "type": "string"
      },
      "LabName": {
        "type": "string"
      },
      "size": {
        "type": "string"
      },
      "userName": {
        "type": "string"
      },
      "password": {
        "type": "string"
      },
      "imagename": {
        "type": "string"
      },
      "imagergname" : {
        "type": "string"
      },
      "galleryName" : {
        "type" : "string"
      },
      "labVirtualNetworkName": {
        "type" : "string"
      },
      "labSubnetName": {
        "type" : "string"
      }
    },
    "variables": {
      "labVirtualNetworkId": "[resourceId('Microsoft.DevTestLab/labs/virtualnetworks', parameters('LabName'), parameters('labVirtualNetworkName'))]",
      "vmId": "[resourceId ('Microsoft.DevTestLab/labs/virtualmachines', parameters('LabName'), parameters('VMName'))]",
      "vmName": "[concat(parameters('LabName'), '/', parameters('VMName'))]",
      "existingSharedImageId": "[resourceId('Microsoft.DevTestLab/labs', parameters('LabName'))]",
      "SharedGalleryId":"[concat(variables('existingSharedImageId'),'/sharedgalleries/', parameters('galleryName'), '/sharedimages/', parameters('imagename'))]"
    },
    "resources": [
      {
        "apiVersion": "2018-10-15-preview",
        "type": "Microsoft.DevTestLab/labs/virtualmachines",
        "name": "[variables('vmName')]",
        "location": "[resourceGroup().location]",
        "properties": {
          "labVirtualNetworkId": "[variables('labVirtualNetworkId')]",
          "sharedImageId": "[variables('SharedGalleryId')]",
          "size": "[parameters('size')]",
          "userName": "[parameters('userName')]",
          "password": "[parameters('password')]",
          "isAuthenticationWithSshKey": false,
          "labSubnetName": "[parameters('labSubnetName')]",
          "disallowPublicIpAddress": true,
          "storageType": "Standard",
          "allowClaim": false
        }
      }
    ],
    "outputs": {
      "labVMId": {
        "type": "string",
        "value": "[variables('vmId')]"
      }
    }
  }