{
    "$schema": "https://schema.management.azure.com/schemas/2015-01-01/deploymentTemplate.json",
    "contentVersion": "1.0.0.0",
    "parameters": {
        "formulaName": {
            "type": "string"
        },
        "formulaDescription": {
            "type": "string",
            "defaultValue": "formula with sig"     
        },
        "formulaAuthor": {
            "type": "string",
            "defaultValue": "formula"   
        },
        "labName": {
            "type": "string"
        },
        "size": {
            "type": "string",
            "defaultValue": "Standard_D4s_v3"   
        },
        "userName": {
            "type": "string",
            "defaultValue": "autoadmin"   
        },
        "password": {
            "type": "securestring",
            "defaultValue": "Keepout12345" 
        },
        "labVirtualNetworkName":{
            "type": "string"
        },
        "labSubnetName":{
            "type" : "string"
        },
        "galleryName":{
            "type": "string"
        },
        "imagedefname":{
            "type" : "string"
        },
        "version":{
            "type":"string"
        },
        "Join_Active_Directory_domain_domainAdminUsername": {
            "type": "string"
        },
        "Join_Active_Directory_domain_domainAdminPassword": {
            "type": "string"
        },
        "Join_Active_Directory_domain_domainToJoin": {
            "type": "string"
        },
        "Join_Active_Directory_Domain_Join_ouPath": {
            "type": "string",
            "defaultValue": ""
        }
    },
    "variables": {
        "labVirtualNetworkName": "[parameters('labVirtualNetworkName')]",
        "labSubnetName": "[parameters('labSubnetName')]",
        "labVirtualNetworkId": "[concat('/virtualnetworks/', variables('labVirtualNetworkName'))]",
        "formulaId": "[resourceId ('Microsoft.DevTestLab/labs/virtualmachines', parameters('labName'), parameters('formulaName'))]",
        "formulaLongName": "[concat(parameters('labName'), '/', parameters('formulaName'))]",
        "SharedGalleryId":"[concat('/sharedgalleries/', parameters('galleryName'), '/sharedimages/', parameters('imagedefname'))]",
        "repositoryName": "private repo",
        "publicrepositoryName": "public repo",
        "artifactsFolder": "artifacts"
    },
    "resources": [
        {
            "apiVersion": "2018-10-15-preview",
            "type": "Microsoft.DevTestLab/labs/formulas",
            "name": "[variables('formulaLongName')]",
            "location": "[resourceGroup().location]",
            "properties": {
                "description": "[parameters('formulaDescription')]",
                "author": "[parameters('formulaAuthor')]",
                "formulaContent": {
                    "properties": {
                        "labvirtualnetworkid": "[variables('labVirtualNetworkId')]",
                        "sharedImageId": "[variables('SharedGalleryId')]",
                        "sharedImageVersion":  "[parameters('version')]",
                        "size": "[parameters('size')]",
                        "userName": "[parameters('userName')]",
                        "password": "[parameters('password')]",
                        "isAuthenticationWithSshKey": false,
                        "artifacts": [
                            {
                            "artifactid": "[concat('/artifactsources/', variables('repositoryName'), '/', variables('artifactsFolder'), '/', 'ChangeDrive')]"
                            },
                            {
                            "artifactid": "[concat('/artifactsources/', variables('repositoryName'), '/', variables('artifactsFolder'), '/', 'GIT_TortoiseGIT_Install')]"
                            },
                            {
                            "artifactid": "[concat('/artifactsources/', variables('repositoryName'), '/', variables('artifactsFolder'), '/', 'DomainJoin')]",
                            "parameters": [
                                {
                                "name": "DomainAdminUsername",
                                "value": "[parameters('Join_Active_Directory_domain_domainAdminUsername')]"
                                },
                                {
                                "name": "domainAdminPassword",
                                "value": "[parameters('Join_Active_Directory_domain_domainAdminPassword')]"
                                },
                                {
                                "name": "DomainToJoin",
                                "value": "[parameters('Join_Active_Directory_domain_domainToJoin')]"
                                },
                                {
                                "name": "OUPath",
                                "value": "[parameters('Join_Active_Directory_Domain_Join_ouPath')]"
                                }
                            ]
                            },
                            {
                            "artifactid": "[concat('/artifactsources/', variables('publicrepositoryName'), '/', variables('artifactsFolder'), '/', 'windows-restart')]"
                            },
                            {
                            "artifactid": "[concat('/artifactsources/', variables('repositoryName'), '/', variables('artifactsFolder'), '/', 'ConfigureWorkstation')]"
                            },
                            {
                            "artifactid": "[concat('/artifactsources/', variables('repositoryName'), '/', variables('artifactsFolder'), '/', 'ExecutePostDeploymentScript V2.0')]"
                            },
                            {
                            "artifactid": "[concat('/artifactsources/', variables('repositoryName'), '/', variables('artifactsFolder'), '/', 'PostDeployConfig')]"
                            },
                            {
                            "artifactid": "[concat('/artifactsources/', variables('publicrepositoryName'), '/', variables('artifactsFolder'), '/', 'windows-restart')]"
                            }
                        ],
                        "labsubnetname": "[variables('labSubnetName')]",
                        "disallowPublicIpAddress": true,
                        "storageType": "StandardSSD",
                        "allowClaim": false,
                        "networkInterface": {
                            "sharedPublicIpAddressConfiguration": {
                                "inboundNatRules": [
                                    {
                                        "transportProtocol": "tcp",
                                        "backendPort": 22
                                    }
                                ]
                            }
                        }
                    }
                }
            }
        }
    ],
    "outputs": {
        "formulaId": {
            "type": "string",
            "value": "[variables('formulaId')]"
        }
    }
}