{
  "$schema": "https://schema.management.azure.com/schemas/2015-01-01/deploymentParameters.json#",
  "contentVersion": "1.0.0.0",
  "parameters": {
    "formulaName": {
      "value": ""
    },
    "formulaDescription": {
      "value": "formula with sig"
    },
    "formulaAuthor":{
      "value": "formula"
    },
    "labName":{
      "value":""
    },
    "size":{
      "value":"Standard_D4s_v3"
    },
    "userName":{
      "value": "autoadmin"
    },
    "password":{
      "value": "Keepout12345"
    },
    "labVirtualNetworkName":{
      "value":""
    },
    "labSubnetName":{
      "value":""
    },
    "galleryName":{
      "value":""
    },
    "imagedefname":{
      "value":""
    },
    "version":{
      "value":""
    },
    "Join_Active_Directory_domain_domainAdminUsername":{
      "value":""
    },
    "Join_Active_Directory_domain_domainAdminPassword":{
      "value":""
    },
    "Join_Active_Directory_domain_domainToJoin":{
      "value":""
    },
    "Join_Active_Directory_Domain_Join_ouPath":{
      "value":""
    }
  }
}