{
    "$schema": "https://schema.management.azure.com/schemas/2019-04-01/deploymentParameters.json#",
    "contentVersion": "1.3.0.0",
    "parameters": {
        "mspOfferName": {
            "value": "ARCBS B2C Log Retention (PRD)"
        },
        "mspOfferDescription": {
            "value": "ARCBS B2C Log Retention (PRD)"
        },
        "managedByTenantId": {
            // "my" tenant guid
            "value": "0101cdc2-5552-4b12-af79-28baf12931c8"
        },
        "cloudShell": {
            // Cloud Shell RG name in target subscription to receive authorizations
            "value": "cloud-shell-storage"
        },
        "resourceGroup": {
            // RG name in target subscription to receive authorizations
            "value": "rg-PRD-ciam"
        },
        "subscriptionAuthorizations": {
            "value": [
                {
                    // "my" principal (User/Group/ServicePrincipal)
                    "principalId": "44569f7b-d3ea-40e8-905f-e1d6a60408d7",
                    "principalIdDisplayName": "Azure AD B2C Log Retention (PRD)",
                    // Managed Services Registration Assignment Delete Role
                    "roleDefinitionId": "91c1777a-f3dc-4fae-b103-61d183457e46"
                }
            ]
        },
        "cloudShellAuthorizations": {
            "value": [
                {
                    // "my" principal (User/Group/ServicePrincipal)
                    "principalId": "44569f7b-d3ea-40e8-905f-e1d6a60408d7",
                    "principalIdDisplayName": "Azure AD B2C Log Retention (PRD)",
                    // Managed Services Registration Assignment Delete Role
                    "roleDefinitionId": "91c1777a-f3dc-4fae-b103-61d183457e46"
                },
                {
                    // "my" principal (User/Group/ServicePrincipal)
                    "principalId": "44569f7b-d3ea-40e8-905f-e1d6a60408d7",
                    "principalIdDisplayName": "Azure AD B2C Log Retention (PRD)",
                    // Storage Account Contributor
                    "roleDefinitionId": "17d1049b-9a84-46fb-8f53-869881c3d3ab"
                }
            ]
        },
        "resourceGroupAuthorizations": {
            "value": [
                {
                    // "my" principal (User/Group/ServicePrincipal)
                    "principalId": "44569f7b-d3ea-40e8-905f-e1d6a60408d7",
                    "principalIdDisplayName": "Azure AD B2C Log Retention (PRD)",
                    // Managed Services Registration Assignment Delete Role
                    "roleDefinitionId": "91c1777a-f3dc-4fae-b103-61d183457e46"
                },
                {
                    // "my" principal (User/Group/ServicePrincipal)
                    "principalId": "44569f7b-d3ea-40e8-905f-e1d6a60408d7",
                    "principalIdDisplayName": "Azure AD B2C Log Retention (PRD)",
                    // Log Analytics Contributor
                    "roleDefinitionId": "92aaf0da-9dab-42b6-94a3-d43ce8d16293"
                }
            ]
        }
    }
}
