{
    "$schema": "https://schema.management.azure.com/schemas/2019-04-01/deploymentTemplate.json#",
    "contentVersion": "1.3.0.0",
    "parameters": {
        "mspOfferName": {
            "type": "string",
            "metadata": {
                "description": "Specify the name of the offer from the Managed Service Provider"
            }
        },
        "mspOfferDescription": {
            "type": "string",
            "metadata": {
                "description": "Name of the Managed Service Provider offering"
            }
        },
        "managedByTenantId": {
            "type": "string",
            "metadata": {
                "description": "Specify the tenant id of the Managed Service Provider"
            }
        },
        "subscriptionAuthorizations": {
            "type": "array",
            "metadata": {
                "description": "Specify an array of objects, containing tuples of Azure Active Directory principalId, a Azure roleDefinitionId, and an optional principalIdDisplayName. The roleDefinition specified is granted to the principalId in the provider's Active Directory and the principalIdDisplayName is visible to customers."
            }
        },
        "cloudShell": {
            "type": "string"
        },
        "cloudShellAuthorizations": {
            "type": "array",
            "metadata": {
                "description": "Specify an array of objects, containing tuples of Azure Active Directory principalId, a Azure roleDefinitionId, and an optional principalIdDisplayName. The roleDefinition specified is granted on a Resource Group to the principalId in the provider's Active Directory and the principalIdDisplayName is visible to customers."
            }
        },
        "resourceGroup": {
            "type": "string"
        },
        "resourceGroupAuthorizations": {
            "type": "array",
            "metadata": {
                "description": "Specify an array of objects, containing tuples of Azure Active Directory principalId, a Azure roleDefinitionId, and an optional principalIdDisplayName. The roleDefinition specified is granted on a Resource Group to the principalId in the provider's Active Directory and the principalIdDisplayName is visible to customers."
            }
        }
    },
    "variables": {
        "mspSubscriptionAssignmentName": "[guid(parameters('mspOfferName'),subscription().subscriptionId)]",
        "mspCloudShellAssignmentName": "[guid(parameters('cloudShell'),parameters('managedByTenantId'))]",
        "mspResourceGroupAssignmentName": "[guid(parameters('resourceGroup'),subscription().subscriptionId)]"
    },
    "resources": [
        {
            "type": "Microsoft.ManagedServices/registrationDefinitions",
            "apiVersion": "2019-06-01",
            "name": "[variables('mspSubscriptionAssignmentName')]",
            "properties": {
                "registrationDefinitionName": "[parameters('mspOfferName')]",
                "description": "[parameters('mspOfferDescription')]",
                "managedByTenantId": "[parameters('managedByTenantId')]",
                "authorizations": "[parameters('subscriptionAuthorizations')]"
            }
        },
        {
            "type": "Microsoft.ManagedServices/registrationDefinitions",
            "apiVersion": "2019-06-01",
            "name": "[variables('mspCloudShellAssignmentName')]",
            "properties": {
                "registrationDefinitionName": "[parameters('mspOfferName')]",
                "description": "[parameters('mspOfferDescription')]",
                "managedByTenantId": "[parameters('managedByTenantId')]",
                "authorizations": "[parameters('cloudShellAuthorizations')]"
            }
        },
        {
            "type": "Microsoft.ManagedServices/registrationDefinitions",
            "apiVersion": "2019-06-01",
            "name": "[variables('mspResourceGroupAssignmentName')]",
            "properties": {
                "registrationDefinitionName": "[parameters('mspOfferName')]",
                "description": "[parameters('mspOfferDescription')]",
                "managedByTenantId": "[parameters('managedByTenantId')]",
                "authorizations": "[parameters('resourceGroupAuthorizations')]"
            }
        },
        {
            "type": "Microsoft.ManagedServices/registrationAssignments",
            "apiVersion": "2019-06-01",
            "name": "[variables('mspSubscriptionAssignmentName')]",
            "dependsOn": [
                "[resourceId('Microsoft.ManagedServices/registrationDefinitions/', variables('mspSubscriptionAssignmentName'))]"
            ],
            "properties": {
                "registrationDefinitionId": "[resourceId('Microsoft.ManagedServices/registrationDefinitions/', variables('mspSubscriptionAssignmentName'))]"
            }
        },
        {
            "type": "Microsoft.Resources/deployments",
            "apiVersion": "2020-06-01",
            "name": "cloudShellAssignment",
            "resourceGroup": "[parameters('cloudShell')]",
            "dependsOn": [
                "[resourceId('Microsoft.ManagedServices/registrationDefinitions/', variables('mspCloudShellAssignmentName'))]"
            ],
            "properties": {
                "mode": "Incremental",
                "template": {
                    "$schema": "https://schema.management.azure.com/schemas/2015-01-01/deploymentTemplate.json#",
                    "contentVersion": "1.0.0.0",
                    "parameters": {},
                    "resources": [
                        {
                            "type": "Microsoft.ManagedServices/registrationAssignments",
                            "apiVersion": "2019-06-01",
                            "name": "[variables('mspCloudShellAssignmentName')]",
                            "properties": {
                                "registrationDefinitionId": "[resourceId('Microsoft.ManagedServices/registrationDefinitions/', variables('mspCloudShellAssignmentName'))]"
                            }
                        }
                    ]
                }
            }
        },
        {
            "type": "Microsoft.Resources/deployments",
            "apiVersion": "2020-06-01",
            "name": "resourceGroupAssignment",
            "resourceGroup": "[parameters('resourceGroup')]",
            "dependsOn": [
                "[resourceId('Microsoft.ManagedServices/registrationDefinitions/', variables('mspResourceGroupAssignmentName'))]"
            ],
            "properties": {
                "mode": "Incremental",
                "template": {
                    "$schema": "https://schema.management.azure.com/schemas/2015-01-01/deploymentTemplate.json#",
                    "contentVersion": "1.0.0.0",
                    "parameters": {},
                    "resources": [
                        {
                            "type": "Microsoft.ManagedServices/registrationAssignments",
                            "apiVersion": "2019-06-01",
                            "name": "[variables('mspResourceGroupAssignmentName')]",
                            "properties": {
                                "registrationDefinitionId": "[resourceId('Microsoft.ManagedServices/registrationDefinitions/', variables('mspResourceGroupAssignmentName'))]"
                            }
                        }
                    ]
                }
            }
        }

    ],
    "outputs": {
        "mspOfferName": {
            "type": "string",
            "value": "[concat('Managed by', ' ', parameters('mspOfferName'))]"
        },
        "subscriptionAuthorizations": {
            "type": "array",
            "value": "[parameters('subscriptionAuthorizations')]"
        },
        "resourceGroupAuthorizations": {
            "type": "array",
            "value": "[parameters('resourceGroupAuthorizations')]"
        }

    }
}
