{
    "$schema": "https://schema.management.azure.com/schemas/2019-04-01/deploymentParameters.json#",
    "contentVersion": "1.3.0.0",
    "parameters": {
        "mspOfferName": {
            "value": "ARCBS B2C Log Retention (STG)"
        },
        "mspOfferDescription": {
            "value": "ARCBS B2C Log Retention (STG)"
        },
        "managedByTenantId": {
            // "my" tenant guid
            "value": "30ebcd45-f381-420d-a7a7-5a6440293afe"
        },
        "cloudShell": {
            // Cloud Shell RG name in target subscription to receive authorizations
            "value": "cloud-shell-storage"
        },
        "resourceGroup": {
            // RG name in target subscription to receive authorizations
            "value": "rg-STG-ciam"
        },
        "subscriptionAuthorizations": {
            "value": [
                {
                    // "my" principal (User/Group/ServicePrincipal)
                    "principalId": "49937ee4-6b69-4104-8d36-7c55f8ef2440",
                    "principalIdDisplayName": "Azure AD B2C Log Retention (STG)",
                    // Managed Services Registration Assignment Delete Role
                    "roleDefinitionId": "91c1777a-f3dc-4fae-b103-61d183457e46"
                }
            ]
        },
        "cloudShellAuthorizations": {
            "value": [
                {
                    // "my" principal (User/Group/ServicePrincipal)
                    "principalId": "49937ee4-6b69-4104-8d36-7c55f8ef2440",
                    "principalIdDisplayName": "Azure AD B2C Log Retention (STG)",
                    // Managed Services Registration Assignment Delete Role
                    "roleDefinitionId": "91c1777a-f3dc-4fae-b103-61d183457e46"
                },
                {
                    // "my" principal (User/Group/ServicePrincipal)
                    "principalId": "49937ee4-6b69-4104-8d36-7c55f8ef2440",
                    "principalIdDisplayName": "Azure AD B2C Log Retention (STG)",
                    // Storage Account Contributor
                    "roleDefinitionId": "17d1049b-9a84-46fb-8f53-869881c3d3ab"
                }
            ]
        },
        "resourceGroupAuthorizations": {
            "value": [
                {
                    // "my" principal (User/Group/ServicePrincipal)
                    "principalId": "49937ee4-6b69-4104-8d36-7c55f8ef2440",
                    "principalIdDisplayName": "Azure AD B2C Log Retention (STG)",
                    // Managed Services Registration Assignment Delete Role
                    "roleDefinitionId": "91c1777a-f3dc-4fae-b103-61d183457e46"
                },
                {
                    // "my" principal (User/Group/ServicePrincipal)
                    "principalId": "49937ee4-6b69-4104-8d36-7c55f8ef2440",
                    "principalIdDisplayName": "Azure AD B2C Log Retention (STG)",
                    // Log Analytics Contributor
                    "roleDefinitionId": "92aaf0da-9dab-42b6-94a3-d43ce8d16293"
                }
            ]
        }
    }
}
