{
    "$schema": "https://schema.management.azure.com/schemas/2019-04-01/deploymentParameters.json#",
    "contentVersion": "1.3.0.0",
    "parameters": {
        "mspOfferName": {
            "value": "ARCBS B2C Log Retention (DV2)"
        },
        "mspOfferDescription": {
            "value": "ARCBS B2C Log Retention (DV2)"
        },
        "managedByTenantId": {
            // "my" tenant guid
            "value": "be54db53-4e95-479d-be24-f4377ab6b7aa"
        },
        "cloudShell": {
            // Cloud Shell RG name in target subscription to receive authorizations
            "value": "cloud-shell-storage"
        },
        "resourceGroup": {
            // RG name in target subscription to receive authorizations
            "value": "rg-DV2-ciam"
        },
        "subscriptionAuthorizations": {
            "value": [
                {
                    // "my" principal (User/Group/ServicePrincipal)
                    "principalId": "cacb04ef-65f1-4262-a67a-5472530bff74",
                    "principalIdDisplayName": "Azure AD B2C Log Retention (DV2)",
                    // Managed Services Registration Assignment Delete Role
                    "roleDefinitionId": "91c1777a-f3dc-4fae-b103-61d183457e46"
                }
            ]
        },
        "cloudShellAuthorizations": {
            "value": [
                {
                    // "my" principal (User/Group/ServicePrincipal)
                    "principalId": "cacb04ef-65f1-4262-a67a-5472530bff74",
                    "principalIdDisplayName": "Azure AD B2C Log Retention (DV2)",
                    // Managed Services Registration Assignment Delete Role
                    "roleDefinitionId": "91c1777a-f3dc-4fae-b103-61d183457e46"
                },
                {
                    // "my" principal (User/Group/ServicePrincipal)
                    "principalId": "cacb04ef-65f1-4262-a67a-5472530bff74",
                    "principalIdDisplayName": "Azure AD B2C Log Retention (DV2)",
                    // Storage Account Contributor
                    "roleDefinitionId": "17d1049b-9a84-46fb-8f53-869881c3d3ab"
                }
            ]
        },
        "resourceGroupAuthorizations": {
            "value": [
                {
                    // "my" principal (User/Group/ServicePrincipal)
                    "principalId": "cacb04ef-65f1-4262-a67a-5472530bff74",
                    "principalIdDisplayName": "Azure AD B2C Log Retention (DV2)",
                    // Managed Services Registration Assignment Delete Role
                    "roleDefinitionId": "91c1777a-f3dc-4fae-b103-61d183457e46"
                },
                {
                    // "my" principal (User/Group/ServicePrincipal)
                    "principalId": "cacb04ef-65f1-4262-a67a-5472530bff74",
                    "principalIdDisplayName": "Azure AD B2C Log Retention (DV2)",
                    // Log Analytics Contributor
                    "roleDefinitionId": "92aaf0da-9dab-42b6-94a3-d43ce8d16293"
                }
            ]
        }
    }
}
