{
    "$schema": "https://schema.management.azure.com/schemas/2019-04-01/deploymentParameters.json#",
    "contentVersion": "1.3.0.0",
    "parameters": {
        "mspOfferName": {
            "value": "ARCBS B2C Log Retention (UAT)"
        },
        "mspOfferDescription": {
            "value": "ARCBS B2C Log Retention (UAT)"
        },
        "managedByTenantId": {
            // "my" tenant guid
            "value": "7990b8d4-b5bb-40a4-af66-1af5a29d206b"
        },
        "cloudShell": {
            // Cloud Shell RG name in target subscription to receive authorizations
            "value": "cloud-shell-storage"
        },
        "resourceGroup": {
            // RG name in target subscription to receive authorizations
            "value": "rg-UAT-ciam"
        },
        "subscriptionAuthorizations": {
            "value": [
                {
                    // "my" principal (User/Group/ServicePrincipal)
                    "principalId": "a8d4a74f-196f-4a65-b376-767ede2c87a7",
                    "principalIdDisplayName": "Azure AD B2C Log Retention (UAT)",
                    // Managed Services Registration Assignment Delete Role
                    "roleDefinitionId": "91c1777a-f3dc-4fae-b103-61d183457e46"
                }
            ]
        },
        "cloudShellAuthorizations": {
            "value": [
                {
                    // "my" principal (User/Group/ServicePrincipal)
                    "principalId": "a8d4a74f-196f-4a65-b376-767ede2c87a7",
                    "principalIdDisplayName": "Azure AD B2C Log Retention (UAT)",
                    // Managed Services Registration Assignment Delete Role
                    "roleDefinitionId": "91c1777a-f3dc-4fae-b103-61d183457e46"
                },
                {
                    // "my" principal (User/Group/ServicePrincipal)
                    "principalId": "a8d4a74f-196f-4a65-b376-767ede2c87a7",
                    "principalIdDisplayName": "Azure AD B2C Log Retention (UAT)",
                    // Storage Account Contributor
                    "roleDefinitionId": "17d1049b-9a84-46fb-8f53-869881c3d3ab"
                }
            ]
        },
        "resourceGroupAuthorizations": {
            "value": [
                {
                    // "my" principal (User/Group/ServicePrincipal)
                    "principalId": "a8d4a74f-196f-4a65-b376-767ede2c87a7",
                    "principalIdDisplayName": "Azure AD B2C Log Retention (UAT)",
                    // Managed Services Registration Assignment Delete Role
                    "roleDefinitionId": "91c1777a-f3dc-4fae-b103-61d183457e46"
                },
                {
                    // "my" principal (User/Group/ServicePrincipal)
                    "principalId": "a8d4a74f-196f-4a65-b376-767ede2c87a7",
                    "principalIdDisplayName": "Azure AD B2C Log Retention (UAT)",
                    // Log Analytics Contributor
                    "roleDefinitionId": "92aaf0da-9dab-42b6-94a3-d43ce8d16293"
                }
            ]
        }
    }
}
