{
    "$schema": "https://schema.management.azure.com/schemas/2019-04-01/deploymentParameters.json#",
    "contentVersion": "1.3.0.0",
    "parameters": {
        "mspOfferName": {
            "value": "ARCBS B2C Log Retention (BLD)"
        },
        "mspOfferDescription": {
            "value": "ARCBS B2C Log Retention (BLD)"
        },
        "managedByTenantId": {
            // "my" tenant guid
            "value": "ebfd88ff-cb6f-481b-a6a7-252038fa1eed"
        },
        "cloudShell": {
            // Cloud Shell RG name in target subscription to receive authorizations
            "value": "cloud-shell-storage"
        },
        "resourceGroup": {
            // RG name in target subscription to receive authorizations
            "value": "rg-BLD-ciam"
        },
        "subscriptionAuthorizations": {
            "value": [
                {
                    // "my" principal (User/Group/ServicePrincipal)
                    "principalId": "9be66bf7-ea06-41dc-bb8d-a5f728663d28",
                    "principalIdDisplayName": "Azure AD B2C Log Retention (BLD)",
                    // Managed Services Registration Assignment Delete Role
                    "roleDefinitionId": "91c1777a-f3dc-4fae-b103-61d183457e46"
                }
            ]
        },
        "cloudShellAuthorizations": {
            "value": [
                {
                    // "my" principal (User/Group/ServicePrincipal)
                    "principalId": "9be66bf7-ea06-41dc-bb8d-a5f728663d28",
                    "principalIdDisplayName": "Azure AD B2C Log Retention (BLD)",
                    // Managed Services Registration Assignment Delete Role
                    "roleDefinitionId": "91c1777a-f3dc-4fae-b103-61d183457e46"
                },
                {
                    // "my" principal (User/Group/ServicePrincipal)
                    "principalId": "9be66bf7-ea06-41dc-bb8d-a5f728663d28",
                    "principalIdDisplayName": "Azure AD B2C Log Retention (BLD)",
                    // Storage Account Contributor
                    "roleDefinitionId": "17d1049b-9a84-46fb-8f53-869881c3d3ab"
                }
            ]
        },
        "resourceGroupAuthorizations": {
            "value": [
                {
                    // "my" principal (User/Group/ServicePrincipal)
                    "principalId": "9be66bf7-ea06-41dc-bb8d-a5f728663d28",
                    "principalIdDisplayName": "Azure AD B2C Log Retention (BLD)",
                    // Managed Services Registration Assignment Delete Role
                    "roleDefinitionId": "91c1777a-f3dc-4fae-b103-61d183457e46"
                },
                {
                    // "my" principal (User/Group/ServicePrincipal)
                    "principalId": "9be66bf7-ea06-41dc-bb8d-a5f728663d28",
                    "principalIdDisplayName": "Azure AD B2C Log Retention (BLD)",
                    // Log Analytics Contributor
                    "roleDefinitionId": "92aaf0da-9dab-42b6-94a3-d43ce8d16293"
                }
            ]
        }
    }
}
