{
    "$schema": "https://schema.management.azure.com/schemas/2019-04-01/deploymentParameters.json#",
    "contentVersion": "1.3.0.0",
    "parameters": {
        "mspOfferName": {
            "value": "ARCBS B2C Log Retention (TST)"
        },
        "mspOfferDescription": {
            "value": "ARCBS B2C Log Retention (TST)"
        },
        "managedByTenantId": {
            // "my" tenant guid
            "value": "0a73d561-0010-403f-a710-8dbc37608b23"
        },
        "cloudShell": {
            // Cloud Shell RG name in target subscription to receive authorizations
            "value": "cloud-shell-storage"
        },
        "resourceGroup": {
            // RG name in target subscription to receive authorizations
            "value": "rg-TST-ciam"
        },
        "subscriptionAuthorizations": {
            "value": [
                {
                    // "my" principal (User/Group/ServicePrincipal)
                    "principalId": "e54d5f26-c10e-4a97-9497-3d3f3a7a30cc",
                    "principalIdDisplayName": "Azure AD B2C Log Retention (TST)",
                    // Managed Services Registration Assignment Delete Role
                    "roleDefinitionId": "91c1777a-f3dc-4fae-b103-61d183457e46"
                }
            ]
        },
        "cloudShellAuthorizations": {
            "value": [
                {
                    // "my" principal (User/Group/ServicePrincipal)
                    "principalId": "e54d5f26-c10e-4a97-9497-3d3f3a7a30cc",
                    "principalIdDisplayName": "Azure AD B2C Log Retention (TST)",
                    // Managed Services Registration Assignment Delete Role
                    "roleDefinitionId": "91c1777a-f3dc-4fae-b103-61d183457e46"
                },
                {
                    // "my" principal (User/Group/ServicePrincipal)
                    "principalId": "e54d5f26-c10e-4a97-9497-3d3f3a7a30cc",
                    "principalIdDisplayName": "Azure AD B2C Log Retention (DV2)",
                    // Storage Account Contributor
                    "roleDefinitionId": "17d1049b-9a84-46fb-8f53-869881c3d3ab"
                }
            ]
        },
        "resourceGroupAuthorizations": {
            "value": [
                {
                    // "my" principal (User/Group/ServicePrincipal)
                    "principalId": "e54d5f26-c10e-4a97-9497-3d3f3a7a30cc",
                    "principalIdDisplayName": "Azure AD B2C Log Retention (TST)",
                    // Managed Services Registration Assignment Delete Role
                    "roleDefinitionId": "91c1777a-f3dc-4fae-b103-61d183457e46"
                },
                {
                    // "my" principal (User/Group/ServicePrincipal)
                    "principalId": "e54d5f26-c10e-4a97-9497-3d3f3a7a30cc",
                    "principalIdDisplayName": "Azure AD B2C Log Retention (TST)",
                    // Log Analytics Contributor
                    "roleDefinitionId": "92aaf0da-9dab-42b6-94a3-d43ce8d16293"
                }
            ]
        }
    }
}
