<?xml version="1.0" encoding="UTF-8" standalone="yes"?>
<!--
    Filename:       B2C_1A_donorconnect_password_reset.xml
    Notes:          Password Reset Relying Party Policy
                    The Relying Party policy defines the user journey to enforce and the claims the
                    relying party application requires as part of the issued token. Multiple applications
                    can use the same policy resulting in the same token with claims sent back to the
                    Relying Party Application and the end user will go through the same user journey.
    Purpose:        Relying Party policy for Password Reset journey
                    This journey is called by Oracle Service Cloud.
    Author:         Warwick Jaensch (Kloud Solutions)
    Date Created:   June 6th 2018
    Revision History:
    Name:           Date:         Description:
      WCJ           06/06/18      Custom UI location per RP as defined in <BuildingBlock><ContentDefinitions><ContentDefinition>
-->
<TrustFrameworkPolicy
  PolicySchemaVersion="0.3.0.0"
  TenantId="arcbsciamb2c.onmicrosoft.com"
  PolicyId="B2C_1A_donorconnect_password_reset"
  PublicPolicyUri="http://arcbsciamb2c.onmicrosoft.com"
  xmlns="http://schemas.microsoft.com/online/cpim/schemas/2013/06"
  xmlns:xsd="http://www.w3.org/2001/XMLSchema"
  xmlns:xsi="http://www.w3.org/2001/XMLSchema-instance"
  DeploymentMode="Production"
  UserJourneyRecorderEndpoint="urn:journeyrecorder:applicationinsights"
  >
  <!-- The policy to inherit from using IEF inheritance model -->
  <BasePolicy>
    <TenantId>arcbsciamb2c.onmicrosoft.com</TenantId>
    <PolicyId>B2C_1A_ext</PolicyId>
  </BasePolicy>
  <!-- Override the custom UI location depending on the Relying Party -->
  <BuildingBlocks>
    <!-- Content Definitions for the Relying Party Policy -->
    <!-- Custom UI locations in this section will override what is defined in the extention policy file -->
    <ContentDefinitions>
      <ContentDefinition Id="api.localaccount.passwordreset">
        <LoadUri>__customUIPath.passwordreset__</LoadUri>
      </ContentDefinition>
      <ContentDefinition Id="api.localaccount.passwordrecovery">
        <LoadUri>__customUIPath.passwordreset__</LoadUri>
      </ContentDefinition>
      <ContentDefinition Id="api.localaccount.verpasswordrecovery">
        <LoadUri>__customUIPath.passwordreset__</LoadUri>
      </ContentDefinition>
      <ContentDefinition Id="api.localaccount.emailsignin">
        <LoadUri>__customUIPath.passwordreset__</LoadUri>
      </ContentDefinition>
      <ContentDefinition Id="api.localaccount.emailOTPVerify">
        <LoadUri>__customUIPath.passwordreset__</LoadUri>
      </ContentDefinition>
      <ContentDefinition Id="api.error">
        <LoadUri>__customUIPath.error__</LoadUri>
      </ContentDefinition>
      <ContentDefinition Id="api.outage">
        <LoadUri>__customUIPath.outage__</LoadUri>
      </ContentDefinition>
    </ContentDefinitions>
    <!-- Localization for the Relying Party Policy -->
    <!-- Strings defined in this section override what is defined in the extention policy file -->
    <Localization Enabled="true">
      <SupportedLanguages DefaultLanguage="en" MergeBehavior="ReplaceAll">
        <SupportedLanguage>en</SupportedLanguage>
      </SupportedLanguages>
      <!-- Customisation of the Email 2FA Screen - overrides extentions file -->
      <LocalizedResources Id="api.localaccount.emailsignin.en">
        <LocalizedStrings>
          <LocalizedString ElementType="UxElement" StringId="ver_intro_msg">Send my verification code to:</LocalizedString>
        </LocalizedStrings>
      </LocalizedResources>
    </Localization>
  </BuildingBlocks>
  <!--
    The RelyingParty element specifies the user journey to enforce and the list of claims
    to return to the relying party application as part of the issued token.
   -->
  <RelyingParty>
    <!-- <DefaultUserJourney ReferenceId="PasswordReset" />   -->
    <DefaultUserJourney ReferenceId="__ForgotPasswordUserJourneyToExecute__" />
    <UserJourneyBehaviors>
      <!--
        With multiple applications and policies in a B2C tenant, user interaction across B2C apps and policies can be managed using the Single sign-on configuration property.
        When set to Tenant (the default setting) this allows multiple applications and policies in the one B2C tenant to share the same user session. With this setting enabled,
        in theory once a user signs into an application such as DMA they should then be able to seamlessly sign in to Donor Portal if access from the same browser.
      -->
      <SingleSignOn Scope="Tenant" />
      <!--
        ===================================================================================================================================================================
        NOTES on Web Session behavior:
        We are using the OpenID Connect authentication protocol for enabling secure sign-in to the Donor Portal application, even though the Broker is returning a
        corresponding SAML Token. Properties to manage web application sessions are:
        1. Web app session lifetime (minutes) <SessionExpiryInSeconds>: The lifetime of B2C's session cookie stored on the user's browser upon successful authentication.
              Values can be:
                  Default = 1440 minutes.
                  Minimum (inclusive) = 15 minutes.
                  Maximum (inclusive) = 1440 minutes.
        2. Web app session timeout <SessionExpiryType>: If this switch is set to Absolute, the user is forced to re-authenticate after the time period specified by Web app
           session lifetime (minutes) elapses. If this switch is set to Rolling (the default setting), the user remains signed in as long as the user is continually active
           in the web application. After an inactivity period defined in <SessionExpiryInSeconds> then the users' session is terminated
         ===================================================================================================================================================================
      -->
      <!--
        ** Web app session time-out **
        SessionExpiryType affects the OSC web app session and not the DMA native application (which itself is governed by the refresh token lifetime).
        A setting of Rolling allows the user to remain signed unless they reach a period of inactivity defined by the SessionExpiryInSeconds.
      -->
      <SessionExpiryType>Rolling</SessionExpiryType>
      <!--
        ** Web app session lifetime (minutes) **
        SessionExpiryInSeconds affects the OSC web app session and not the DMA native application (which itself is governed by the refresh token lifetime).
        A setting of 1200 secons Rolling allows the user to remain signed unless they reach a period of inactivity of 20 minutes.
      -->
      <SessionExpiryInSeconds>1200</SessionExpiryInSeconds>
      <JourneyInsights TelemetryEngine="ApplicationInsights" InstrumentationKey="__AppInsightsInstrumentationKey__" DeveloperMode="false" ClientEnabled="true" ServerEnabled="true" TelemetryVersion="1.0.0" />
      <!-- Enable JavaScript execution by adding the ScriptExecution element to the RelyingParty element -->
      <ScriptExecution>Allow</ScriptExecution>
    </UserJourneyBehaviors>
    <TechnicalProfile Id="RelyingPartyOSC-PasswordReset">
      <DisplayName>Password Reset</DisplayName>
      <Protocol Name="OpenIdConnect" />
      <OutputClaims>
        <OutputClaim ClaimTypeReferenceId="email" />
        <OutputClaim ClaimTypeReferenceId="objectId" PartnerClaimType="sub" />
        <OutputClaim ClaimTypeReferenceId="userPrincipalName" />
        <OutputClaim ClaimTypeReferenceId="extension_ContactId" />
        <OutputClaim ClaimTypeReferenceId="trustFrameworkPolicy" Required="true" DefaultValue="{policy}" />
      </OutputClaims>
      <!-- Subject Name is set to the Object ID. -->
      <SubjectNamingInfo ClaimType="sub" />
    </TechnicalProfile>
  </RelyingParty>
</TrustFrameworkPolicy>
