<?xml version="1.0" encoding="UTF-8" standalone="yes"?>
<!--
    Filename:       B2C_1A_rp_sign_up.xml
    Notes:          Sign-Up Relying Party Policy
    Purpose:        Relying Party policy for Sign-Up journey
                    This journey is NOT FOR PRODUCTION USE, its for dev and test only.
    Author:         Warwick Jaensch (Kloud Solutions)
    Date Created:   January 22nd 2018
    Revision History:
    Name:           Date:         Description:
      WCJ           06/06/18      Custom UI location per RP as defined in <BuildingBlock><ContentDefinitions><ContentDefinition>
-->
<TrustFrameworkPolicy
  PolicySchemaVersion="0.3.0.0"
  TenantId="arcbsciamb2c.onmicrosoft.com"
  PolicyId="B2C_1A_rp_sign_up"
  PublicPolicyUri="http://arcbsciamb2c.onmicrosoft.com"
  xmlns="http://schemas.microsoft.com/online/cpim/schemas/2013/06"
  xmlns:xsd="http://www.w3.org/2001/XMLSchema"
  xmlns:xsi="http://www.w3.org/2001/XMLSchema-instance"
  DeploymentMode="Production"
  UserJourneyRecorderEndpoint="urn:journeyrecorder:applicationinsights"
  >
  <!-- The policy to inherit from using IEF inheritance model -->
  <BasePolicy>
    <TenantId>arcbsciamb2c.onmicrosoft.com</TenantId>
    <PolicyId>B2C_1A_ext</PolicyId>
  </BasePolicy>
  <!-- Override the custom UI location depending on the Relying Party -->
  <BuildingBlocks>
    <ContentDefinitions>
      <ContentDefinition Id="api.localaccount.registration">
        <LoadUri>__customUIPath.registration__</LoadUri>
      </ContentDefinition>
      <ContentDefinition Id="api.phonefactor">
        <LoadUri>__customUIPath.registration__</LoadUri>
      </ContentDefinition>
      <ContentDefinition Id="api.error">
        <LoadUri>__customUIPath.error__</LoadUri>
      </ContentDefinition>
      <ContentDefinition Id="api.outage">
        <LoadUri>__customUIPath.outage__</LoadUri>
      </ContentDefinition>
    </ContentDefinitions>
  </BuildingBlocks>
  <!--
    The RelyingParty element specifies the user journey to enforce and the list of claims
    to return to the relying party application as part of the issued token.
   -->
  <RelyingParty>
    <DefaultUserJourney ReferenceId="SignUp" />
    <UserJourneyBehaviors>
      <!--
        With multiple applications and policies in a B2C tenant, user interaction across B2C apps and policies can be managed using the Single sign-on configuration property.
        When set to Tenant (the default setting) this allows multiple applications and policies in the one B2C tenant to share the same user session. With this setting enabled,
        in theory once a user signs into an application such as DMA they should then be able to seamlessly sign in to Donor Portal if access from the same browser.
      -->
      <SingleSignOn Scope="Tenant" />
      <SessionExpiryType>Rolling</SessionExpiryType>
      <SessionExpiryInSeconds>86400</SessionExpiryInSeconds>
      <JourneyInsights TelemetryEngine="ApplicationInsights" InstrumentationKey="__AppInsightsInstrumentationKey__" DeveloperMode="false" ClientEnabled="true" ServerEnabled="true" TelemetryVersion="1.0.0" />
      <!-- Enable JavaScript execution by adding the ScriptExecution element to the RelyingParty element -->
      <ScriptExecution>Allow</ScriptExecution>
    </UserJourneyBehaviors>
    <TechnicalProfile Id="RelyingParty-SignUp">
      <DisplayName>Sign Up</DisplayName>
      <Protocol Name="OpenIdConnect" />
      <OutputClaims>
        <OutputClaim ClaimTypeReferenceId="email" />
        <OutputClaim ClaimTypeReferenceId="newUserCreated" />
        <OutputClaim ClaimTypeReferenceId="objectId" PartnerClaimType="sub" />
        <OutputClaim ClaimTypeReferenceId="userPrincipalName" />
        <OutputClaim ClaimTypeReferenceId="extension_ContactId" />
      </OutputClaims>
      <SubjectNamingInfo ClaimType="sub" />
    </TechnicalProfile>
  </RelyingParty>
</TrustFrameworkPolicy>
