<?xml version="1.0" encoding="UTF-8" standalone="yes"?>
<!--
    Filename:       B2C_1A_rp_email_verification.xml
    Notes:          Email Verification Relying Party Policy
                    The Relying Party policy defines the user journey to enforce and the claims the
                    relying party application requires as part of the issued token. Multiple applications
                    can use the same policy resulting in the same token with claims sent back to the
                    Relying Party Application and the end user will go through the same user journey.
    Purpose:        Relying Party policy for Email Verification journey
                    This journey is called by the native iOS & Android Donor Mobile applications.
    Author:         Adeel Nasir
    Date Created:   July 30th 2020
    Revision History:
    Name:           Date:         Description:

-->
<TrustFrameworkPolicy
  PolicySchemaVersion="0.3.0.0"
  TenantId="arcbsciamb2c.onmicrosoft.com"
  PolicyId="B2C_1A_rp_email_verification"
  PublicPolicyUri="http://arcbsciamb2c.onmicrosoft.com"
  xmlns="http://schemas.microsoft.com/online/cpim/schemas/2013/06"
  xmlns:xsd="http://www.w3.org/2001/XMLSchema"
  xmlns:xsi="http://www.w3.org/2001/XMLSchema-instance"
  DeploymentMode="Production"
  UserJourneyRecorderEndpoint="urn:journeyrecorder:applicationinsights"
  >
  <!-- The policy to inherit from using IEF inheritance model -->
  <BasePolicy>
    <TenantId>arcbsciamb2c.onmicrosoft.com</TenantId>
    <PolicyId>B2C_1A_ext</PolicyId>
  </BasePolicy>
  <!-- Override the custom UI location depending on the Relying Party -->
  <BuildingBlocks>
    <!-- Content Definitions for the Relying Party Policy -->
    <!-- Custom UI locations in this section will override what is defined in the extention policy file -->
    <ContentDefinitions>
      <ContentDefinition Id="api.localaccount.login">
        <LoadUri>__customUIPath.login__</LoadUri>
      </ContentDefinition>
      <ContentDefinition Id="api.error">
        <LoadUri>__customUIPath.error__</LoadUri>
      </ContentDefinition>
      <ContentDefinition Id="api.outage">
        <LoadUri>__customUIPath.outage__</LoadUri>
      </ContentDefinition>
      <ContentDefinition Id="api.localaccount.emailOTPVerify">
        <LoadUri>__customUIPath.emailverify__</LoadUri>
      </ContentDefinition>
    </ContentDefinitions>
  </BuildingBlocks>
  <!--
    The RelyingParty element specifies the user journey to enforce and the list of claims
    to return to the relying party application as part of the issued token.
   -->
  <RelyingParty>
    <DefaultUserJourney ReferenceId="__UserJourneyToExecute__" />
    <UserJourneyBehaviors>
      <!--
        With multiple applications and policies in a B2C tenant, user interaction across B2C apps and policies can be managed using the Single sign-on configuration property.
        When set to Tenant (the default setting) this allows multiple applications and policies in the one B2C tenant to share the same user session. With this setting enabled,
        in theory once a user signs into an application such as DMA they should then be able to seamlessly sign in to Donor Portal if access from the same browser.
      -->
      <SingleSignOn Scope="Tenant" />
      <SessionExpiryType>Rolling</SessionExpiryType>
      <SessionExpiryInSeconds>86400</SessionExpiryInSeconds>
      <JourneyInsights TelemetryEngine="ApplicationInsights" InstrumentationKey="__AppInsightsInstrumentationKey__" DeveloperMode="false" ClientEnabled="true" ServerEnabled="true" TelemetryVersion="1.0.0" />
      <!-- Enable JavaScript execution by adding the ScriptExecution element to the RelyingParty element -->
      <ScriptExecution>Allow</ScriptExecution>
    </UserJourneyBehaviors>
    <TechnicalProfile Id="RelyingPartyDMA-EmailVerification">
      <DisplayName>Verify Email</DisplayName>
      <Protocol Name="OpenIdConnect" />
      <CryptographicKeys>
        <Key Id="client_secret" StorageReferenceId="B2C_1A_DmaJWTSecretKey" />
      </CryptographicKeys>
      <!-- Input data into the Self Asserted UI Form -->
      <InputClaims>
        <InputClaim ClaimTypeReferenceId="verifyEmail" PartnerClaimType="verify_email" />
        <InputClaim ClaimTypeReferenceId="extension_ContactId" PartnerClaimType="contact_id"/>
      </InputClaims>
      <!-- The output claims sent back to DMA. -->
      <OutputClaims>
        <OutputClaim ClaimTypeReferenceId="objectId" PartnerClaimType="sub" />
        <OutputClaim ClaimTypeReferenceId="verifyEmail" PartnerClaimType="verify_email" />
        <OutputClaim ClaimTypeReferenceId="extension_ContactId" PartnerClaimType="contact_id"/>
        <OutputClaim ClaimTypeReferenceId="verificationStatus" PartnerClaimType="verification_status" />
        <OutputClaim ClaimTypeReferenceId="trustFrameworkPolicy" Required="true" DefaultValue="{policy}" />
      </OutputClaims>
      <!-- Subject Name is set to the Object ID. -->
      <SubjectNamingInfo ClaimType="sub" />
    </TechnicalProfile>
    <TechnicalProfile Id="RelyingPartyDMA-EmailVerification-IDTokenHint">
      <DisplayName>Verify Email</DisplayName>
      <Protocol Name="OpenIdConnect" />
      <!-- Input data into the Self Asserted UI Form -->
      <InputClaims>
        <InputClaim ClaimTypeReferenceId="verifyEmail" PartnerClaimType="verify_email" />
        <InputClaim ClaimTypeReferenceId="extension_ContactId" PartnerClaimType="contact_id"/>
      </InputClaims>
      <!-- The output claims sent back to DMA. -->
      <OutputClaims>
        <OutputClaim ClaimTypeReferenceId="objectId" PartnerClaimType="sub" />
        <OutputClaim ClaimTypeReferenceId="verifyEmail" PartnerClaimType="verify_email" />
        <OutputClaim ClaimTypeReferenceId="extension_ContactId" PartnerClaimType="contact_id"/>
        <OutputClaim ClaimTypeReferenceId="verificationStatus" PartnerClaimType="verification_status" />
        <OutputClaim ClaimTypeReferenceId="trustFrameworkPolicy" Required="true" DefaultValue="{policy}" />
      </OutputClaims>
      <!-- Subject Name is set to the Object ID. -->
      <SubjectNamingInfo ClaimType="sub" />
    </TechnicalProfile>
  </RelyingParty>
</TrustFrameworkPolicy>
