<?xml version="1.0" encoding="UTF-8" standalone="yes"?>
<!--
    Filename:       B2C_1A_base.xml
    Notes:          Custom Policy Base File
    Purpose:        Defines the customisations that are specific to individual B2C tenant / environment
                    such as Blob storage locations, client id's etc.
                    This file inherrits from the base file.
    Author:         Warwick Jaensch (Kloud Solutions)
    Date Created:   January 22nd 2018
    Revision History:
    Name:           Date:        Description:
-->
<TrustFrameworkPolicy
  PolicySchemaVersion="0.3.0.0"
  TenantId="arcbsciamb2c.onmicrosoft.com"
  PolicyId="B2C_1A_ext"
  PublicPolicyUri="http://arcbsciamb2c.onmicrosoft.com/B2C_1A_ext"
  xmlns="http://schemas.microsoft.com/online/cpim/schemas/2013/06"
  xmlns:xsd="http://www.w3.org/2001/XMLSchema"
  xmlns:xsi="http://www.w3.org/2001/XMLSchema-instance"
  >
  <BasePolicy>
    <!-- TenantId will be replaced by Gulp depending on the environment (Dev, Dev2, Test, etc) -->
    <TenantId>arcbsciamb2c.onmicrosoft.com</TenantId>
    <PolicyId>B2C_1A_base</PolicyId>
  </BasePolicy>
  <!--
   ___       _ __   ___             ___  __         __
  / _ )__ __(_) /__/ (_)__  ___ _  / _ )/ /__  ____/ /__ ___
 / _  / // / / / _  / / _ \/ _ `/ / _  / / _ \/ __/  '_/(_-<
/____/\_,_/_/_/\_,_/_/_//_/\_, / /____/_/\___/\__/_/\_\/___/
                          /___/
  -->
  <BuildingBlocks>
    <ClaimsSchema>
      <!-- Application Client ID used in the Graph API - this item is unique per environment -->
      <ClaimType Id="clientId">
        <DisplayName>Client Identifier</DisplayName>
        <DataType>string</DataType>
      </ClaimType>
      <!-- Application resource used in the Graph API - this item is unique per environment -->
      <ClaimType Id="resource">
        <DisplayName>Resource</DisplayName>
        <DataType>string</DataType>
      </ClaimType>
    </ClaimsSchema>
    <!--
        Name:  ContentDefinitions
        Purpose:    Base level Content Definitionss
        Notes:      Override the default ContentDefinitionsin the base file.
        Revision History:
        Name:           Date:        Description:
    -->
    <ContentDefinitions>
      <!-- The following content definition is used for logging in a user. -->
      <ContentDefinition Id="api.signin">
        <Metadata>
          <Item Key="DisplayName">Log in to your account</Item>
        </Metadata>
        <LocalizedResourcesReferences MergeBehavior="Prepend">
          <LocalizedResourcesReference Language="en" Url="https://bing.com" LocalizedResourcesReferenceId="api.signin.en" />
        </LocalizedResourcesReferences>
      </ContentDefinition>
      <!-- The following content definition is used for logging in a local account. -->
      <ContentDefinition Id="api.localaccount.login">
        <Metadata>
          <Item Key="DisplayName">Log in to your account</Item>
        </Metadata>
        <LocalizedResourcesReferences MergeBehavior="Prepend">
          <LocalizedResourcesReference Language="en" Url="https://bing.com" LocalizedResourcesReferenceId="api.localaccount.login.en" />
        </LocalizedResourcesReferences>
      </ContentDefinition>
      <!-- The following content definition is used for changing the password for a local account. -->
      <ContentDefinition Id="api.localaccount.passwordchange">
        <Metadata>
          <Item Key="DisplayName">Password change</Item>
        </Metadata>
        <LocalizedResourcesReferences MergeBehavior="Prepend">
          <LocalizedResourcesReference Language="en" Url="https://bing.com" LocalizedResourcesReferenceId="api.localaccount.passwordchange.en" />
        </LocalizedResourcesReferences>
      </ContentDefinition>
      <!-- The following content definition is used for the password re-verification for a local account. -->
      <ContentDefinition Id="api.localaccount.passwordreverification">
        <Metadata>
          <Item Key="DisplayName">Password Re-Verification</Item>
        </Metadata>
        <LocalizedResourcesReferences MergeBehavior="Prepend">
          <LocalizedResourcesReference Language="en" Url="https://bing.com" LocalizedResourcesReferenceId="api.localaccount.passwordreverification.en" />
        </LocalizedResourcesReferences>
      </ContentDefinition>
      <!-- The following content definition is used for resetting the password for a local account. -->
      <ContentDefinition Id="api.localaccount.passwordreset">
        <Metadata>
          <Item Key="DisplayName">Password reset</Item>
        </Metadata>
        <LocalizedResourcesReferences MergeBehavior="Prepend">
          <LocalizedResourcesReference Language="en" Url="https://bing.com" LocalizedResourcesReferenceId="api.localaccount.passwordreset.en" />
        </LocalizedResourcesReferences>
      </ContentDefinition>
      <!-- The following content definition is used for recovering the password for a local account. -->
      <ContentDefinition Id="api.localaccount.passwordrecovery">
        <Metadata>
          <Item Key="DisplayName">Password recovery</Item>
        </Metadata>
        <LocalizedResourcesReferences MergeBehavior="Prepend">
          <LocalizedResourcesReference Language="en" Url="https://bing.com" LocalizedResourcesReferenceId="api.localaccount.passwordrecovery.en" />
        </LocalizedResourcesReferences>
      </ContentDefinition>
      <!-- The following content definition is used for email 2FA for a local account. -->
      <ContentDefinition Id="api.localaccount.email2fa">
        <Metadata>
          <Item Key="DisplayName">Email 2FA</Item>
        </Metadata>
        <LocalizedResourcesReferences MergeBehavior="Prepend">
          <LocalizedResourcesReference Language="en" Url="https://bing.com" LocalizedResourcesReferenceId="api.localaccount.email2fa.en" />
        </LocalizedResourcesReferences>
      </ContentDefinition>
      <!-- The following content definition is used for email 2FA for a local account. -->
      <ContentDefinition Id="api.localaccount.emailsignin">
        <Metadata>
          <Item Key="DisplayName">Email Sign In</Item>
        </Metadata>
        <LocalizedResourcesReferences MergeBehavior="Prepend">
          <LocalizedResourcesReference Language="en" Url="https://bing.com" LocalizedResourcesReferenceId="api.localaccount.emailsignin.en" />
        </LocalizedResourcesReferences>
      </ContentDefinition>
      <!-- The following content definition is for 2FA Method -->
      <ContentDefinition Id="api.localaccount.2famethod">
        <Metadata>
          <Item Key="DisplayName">2FA Method</Item>
        </Metadata>
        <LocalizedResourcesReferences MergeBehavior="Prepend">
          <LocalizedResourcesReference Language="en" Url="https://bing.com" LocalizedResourcesReferenceId="api.localaccount.2famethod.en" />
        </LocalizedResourcesReferences>
      </ContentDefinition>
      <!-- The following content definition is used setting the password on Activation. -->
      <ContentDefinition Id="api.localaccount.passwordset">
        <Metadata>
          <Item Key="DisplayName">Create Password</Item>
        </Metadata>
        <LocalizedResourcesReferences MergeBehavior="Prepend">
          <LocalizedResourcesReference Language="en" Url="https://bing.com" LocalizedResourcesReferenceId="api.localaccount.passwordset.en" />
        </LocalizedResourcesReferences>
      </ContentDefinition>
      <!-- The following content definition is used for DisplayControls to verify OTP via email for 2FA. -->
      <ContentDefinition Id="api.localaccount.emailOTPVerify">
        <Metadata>
          <Item Key="DisplayName">Local Account Email Verify</Item>
        </Metadata>
        <LocalizedResourcesReferences MergeBehavior="Prepend">
          <LocalizedResourcesReference Language="en" Url="https://bing.com" LocalizedResourcesReferenceId="api.localaccount.emailOTPVerify.en" />
        </LocalizedResourcesReferences>
      </ContentDefinition>
      <!-- The following content definition is used for DisplayControls to verify OTP via email for password reset. -->
      <ContentDefinition Id="api.localaccount.passwordResetOTPVerify">
        <Metadata>
          <Item Key="DisplayName">Verify Email</Item>
        </Metadata>
        <LocalizedResourcesReferences MergeBehavior="Prepend">
          <LocalizedResourcesReference Language="en" Url="https://bing.com" LocalizedResourcesReferenceId="api.localaccount.passwordResetOTPVerify.en" />
        </LocalizedResourcesReferences>
      </ContentDefinition>
      <!-- The following content definition is used for showing Activation Timeout message. -->
      <ContentDefinition Id="api.localaccount.activationtimeout">
        <Metadata>
          <Item Key="DisplayName">Activation Timeout</Item>
        </Metadata>
        <LocalizedResourcesReferences MergeBehavior="Prepend">
          <LocalizedResourcesReference Language="en" Url="https://bing.com" LocalizedResourcesReferenceId="api.localaccount.activationtimeout.en" />
        </LocalizedResourcesReferences>
      </ContentDefinition>
      <!-- The following content definition is used for registering, validating, and verifying a verification phone. -->
      <ContentDefinition Id="api.phonefactor">
        <Metadata>
          <Item Key="DisplayName">Phone Factor</Item>
        </Metadata>
        <LocalizedResourcesReferences MergeBehavior="Prepend">
          <LocalizedResourcesReference Language="en" Url="https://bing.com" LocalizedResourcesReferenceId="api.phonefactor.en" />
        </LocalizedResourcesReferences>
      </ContentDefinition>
      <!-- The following content definition is used for errors. -->
      <ContentDefinition Id="api.error">
        <Metadata>
          <Item Key="DisplayName">Error</Item>
        </Metadata>
      </ContentDefinition>
      <!-- The following content definition is used for outage. -->
      <ContentDefinition Id="api.outage">
        <Metadata>
          <Item Key="DisplayName">Outage</Item>
        </Metadata>
      </ContentDefinition>
      <!-- The following content definition is used for Local Account In App Registration -->
      <ContentDefinition Id="api.localaccount.inappregistration">
        <Metadata>
          <Item Key="DisplayName">Account registration</Item>
        </Metadata>
        <LocalizedResourcesReferences MergeBehavior="Prepend">
          <LocalizedResourcesReference Language="en" Url="https://bing.com" LocalizedResourcesReferenceId="api.localaccount.inappregistration.en" />
        </LocalizedResourcesReferences>
      </ContentDefinition>
      <!-- The following content definition is used verify a local account email verification via in-app-registration. -->
      <ContentDefinition Id="api.localaccount.inappregistrationEmailVerify">
        <Metadata>
          <Item Key="DisplayName">Account registration</Item>
        </Metadata>
        <LocalizedResourcesReferences MergeBehavior="Prepend">
          <LocalizedResourcesReference Language="en" Url="https://bing.com" LocalizedResourcesReferenceId="api.localaccount.inappregistrationEmailVerify.en" />
        </LocalizedResourcesReferences>
      </ContentDefinition>
      <!-- Local Account Registration should not be enabled in production, rather it is provided for non-production environments to assist with test account creation -->
      <ContentDefinition Id="api.localaccount.registration">
        <Metadata>
          <Item Key="DisplayName">Local Account Registration (TEST PURPOSES ONLY)</Item>
        </Metadata>
        <LocalizedResourcesReferences MergeBehavior="Prepend">
          <LocalizedResourcesReference Language="en" Url="https://bing.com" LocalizedResourcesReferenceId="api.localaccount.registration.en" />
        </LocalizedResourcesReferences>
      </ContentDefinition>
      <!-- The following content definition is used for recovering the password for a local account. -->
      <ContentDefinition Id="api.localaccount.verpasswordrecovery">
        <Metadata>
          <Item Key="DisplayName">Password recovery</Item>
        </Metadata>
        <LocalizedResourcesReferences MergeBehavior="Prepend">
          <LocalizedResourcesReference Language="en" Url="https://bing.com" LocalizedResourcesReferenceId="api.localaccount.verpasswordrecovery.en" />
        </LocalizedResourcesReferences>
      </ContentDefinition>
    </ContentDefinitions>
    <!--
        Name:     Localization
        Purpose:  Customise the B2C UI web pages via Localisation
        Notes:    Allows you to support multiple languages. The localization support in policies allows you set up the list of supported
                  languages in a policy and pick a default language. Language-specific strings and collections are also supported.
        Revision History:
        Name:           Date:        Description:
    -->
    <Localization Enabled="true">
      <SupportedLanguages DefaultLanguage="en" MergeBehavior="ReplaceAll">
        <SupportedLanguage>en</SupportedLanguage>
      </SupportedLanguages>
      <!-- Customisation of the SignIn Screen -->
      <LocalizedResources Id="api.signin.en">
        <LocalizedStrings>
          <LocalizedString ElementType="ClaimType" ElementId="signInName" StringId="DisplayName">Email Address</LocalizedString>
          <LocalizedString ElementType="UxElement" StringId="button_signin">LOG IN</LocalizedString>
          <LocalizedString ElementType="UxElement" StringId="forgotpassword_link">Forgot your password?</LocalizedString>
          <LocalizedString ElementType="UxElement" StringId="local_intro_email">Log in to your account.</LocalizedString>
          <LocalizedString ElementType="UxElement" StringId="logonIdentifier_email">Email Address</LocalizedString>
          <LocalizedString ElementType="UxElement" StringId="password">Password</LocalizedString>
          <LocalizedString ElementType="UxElement" StringId="invalid_email">Please enter your registered email address and password to access your appointments.</LocalizedString>
          <LocalizedString ElementType="UxElement" StringId="invalid_password">Please enter your registered email address and password to access your appointments.</LocalizedString>
          <LocalizedString ElementType="UxElement" StringId="requiredField_email">Please enter your registered email address and password to access your appointments.</LocalizedString>
          <LocalizedString ElementType="UxElement" StringId="requiredField_password">Please enter your registered password.</LocalizedString>
          <LocalizedString ElementType="UxElement" StringId="unknown_error">We're having issues logging you in. Please try again.</LocalizedString>
          <LocalizedString ElementType="ErrorMessage" StringId="UserMessageIfInvalidPassword">Please enter your registered email address and password to access your appointments.</LocalizedString>
          <LocalizedString ElementType="ErrorMessage" StringId="UserMessageIfClaimsPrincipalDoesNotExist">Please enter your registered email address and password to access your appointments.</LocalizedString>
        </LocalizedStrings>
      </LocalizedResources>
      <!-- Password Change First Screen  -->
      <LocalizedResources Id="api.localaccount.login.en">
        <LocalizedStrings>
          <LocalizedString ElementType="ClaimType" ElementId="signInName" StringId="DisplayName">Email Address</LocalizedString>
          <LocalizedString ElementType="UxElement" StringId="button_continue">LOG IN</LocalizedString>
          <LocalizedString ElementType="UxElement" StringId="initial_intro">Log in to your account.</LocalizedString>
          <LocalizedString ElementType="UxElement" StringId="verifying_blurb">Please wait while we sign you in</LocalizedString>
          <LocalizedString ElementType="ErrorMessage" StringId="requiredFieldMissing">Please enter your registered email address and password to access your appointments.</LocalizedString>
          <LocalizedString ElementType="UxElement" StringId="error_requiredFieldMissing">Please enter your registered email address and password to access your appointments.</LocalizedString>
          <LocalizedString ElementType="UxElement" StringId="error_fieldIncorrect">Please enter your registered email address and password to access your appointments.</LocalizedString>
          <LocalizedString ElementType="ErrorMessage" StringId="UserMessageIfInvalidPassword">Please enter your registered email address and password to access your appointments.</LocalizedString>
          <LocalizedString ElementType="ErrorMessage" StringId="UserMessageIfClaimsPrincipalDoesNotExist">Please enter your registered email address and password to access your appointments.</LocalizedString>
        </LocalizedStrings>
      </LocalizedResources>
      <!-- Password Change Second Screen  -->
      <LocalizedResources Id="api.localaccount.passwordchange.en">
        <LocalizedStrings>
          <LocalizedString ElementType="ClaimType" ElementId="signInName" StringId="DisplayName">Email Address</LocalizedString>
          <LocalizedString ElementType="UxElement" StringId="initial_intro">Please enter your new password.</LocalizedString>
          <LocalizedString ElementType="UxElement" StringId="verifying_blurb">Please wait while we make changes to your account</LocalizedString>
          <LocalizedString ElementType="ClaimType" ElementId="password" StringId="DisplayName">Current Password</LocalizedString>
          <LocalizedString ElementType="ClaimType" ElementId="newPassword" StringId="DisplayName">New Password</LocalizedString>
          <LocalizedString ElementType="ClaimType" ElementId="reenterPassword" StringId="DisplayName">Confirm New Password</LocalizedString>
          <LocalizedString ElementType="UxElement" StringId="button_continue">UPDATE</LocalizedString>
          <LocalizedString ElementType="UxElement" StringId="button_cancel">CANCEL</LocalizedString>
          <LocalizedString ElementType="ErrorMessage" StringId="requiredFieldMissing">You must enter a password</LocalizedString>
          <LocalizedString ElementType="UxElement" StringId="error_requiredFieldMissing">You must enter a password</LocalizedString>
          <LocalizedString ElementType="UxElement" StringId="error_passwordEntryMismatch">The passwords you entered don't match. Please try again.</LocalizedString>
          <LocalizedString ElementType="UxElement" StringId="error_fieldIncorrect">Please try again - your password must include the characters below:</LocalizedString>
        </LocalizedStrings>
      </LocalizedResources>
      <!-- Password Re-Verification Screen  -->
      <LocalizedResources Id="api.localaccount.passwordreverification.en">
        <LocalizedStrings>
          <LocalizedString ElementType="ClaimType" ElementId="signInName" StringId="DisplayName">Email Address</LocalizedString>
          <LocalizedString ElementType="UxElement" StringId="initial_intro">Enter your password below to verify your account.</LocalizedString>
          <LocalizedString ElementType="UxElement" StringId="verifying_blurb">Please wait while we verify your account</LocalizedString>
          <LocalizedString ElementType="ClaimType" ElementId="password" StringId="DisplayName">Current Password</LocalizedString>
          <LocalizedString ElementType="UxElement" StringId="button_continue">VERIFY</LocalizedString>
          <LocalizedString ElementType="UxElement" StringId="button_cancel">CANCEL</LocalizedString>
          <LocalizedString ElementType="ErrorMessage" StringId="requiredFieldMissing">You must enter your password</LocalizedString>
          <LocalizedString ElementType="UxElement" StringId="error_requiredFieldMissing">You must enter your password</LocalizedString>
          <LocalizedString ElementType="UxElement" StringId="error_passwordEntryMismatch">The passwords you entered don't match. Please try again.</LocalizedString>
          <LocalizedString ElementType="UxElement" StringId="error_fieldIncorrect">Please try again - your password must include the characters below:</LocalizedString>
        </LocalizedStrings>
      </LocalizedResources>
      <!-- Password Set Second Screen  -->
      <LocalizedResources Id="api.localaccount.passwordset.en">
        <LocalizedStrings>
          <LocalizedString ElementType="UxElement" StringId="initial_intro">Create a new password now to complete your registration.</LocalizedString>
          <LocalizedString ElementType="UxElement" StringId="verifying_blurb">Please wait while we set your new password</LocalizedString>
          <LocalizedString ElementType="ClaimType" ElementId="newPassword" StringId="DisplayName">New Password</LocalizedString>
          <LocalizedString ElementType="ClaimType" ElementId="reenterPassword" StringId="DisplayName">Confirm New Password</LocalizedString>
          <LocalizedString ElementType="UxElement" StringId="button_continue">CREATE</LocalizedString>
          <LocalizedString ElementType="UxElement" StringId="button_cancel">CANCEL</LocalizedString>
          <LocalizedString ElementType="ErrorMessage" StringId="requiredFieldMissing">You must enter a password</LocalizedString>
          <LocalizedString ElementType="UxElement" StringId="error_requiredFieldMissing">You must enter a password</LocalizedString>
          <LocalizedString ElementType="UxElement" StringId="error_passwordEntryMismatch">The passwords you entered don't match. Please try again.</LocalizedString>
          <LocalizedString ElementType="UxElement" StringId="error_fieldIncorrect">Please try again - your password must include the characters below:</LocalizedString>
        </LocalizedStrings>
      </LocalizedResources>
      <!-- Email 2FA OTP Verification via DisplayControl  -->
      <LocalizedResources Id="api.localaccount.emailOTPVerify.en">
        <LocalizedStrings>
          <LocalizedString ElementType="UxElement" StringId="initial_intro"></LocalizedString>
          <LocalizedString ElementType="UxElement" StringId="ver_intro_msg">We'll send a code to confirm your details.</LocalizedString>
          <LocalizedString ElementType="UxElement" StringId="verifying_blurb">Please wait while we verify your account</LocalizedString>
          <LocalizedString ElementType="ErrorMessage" StringId="requiredFieldMissing">The security code you entered is incorrect. Please try again.</LocalizedString>
          <LocalizedString ElementType="UxElement" StringId="error_requiredFieldMissing">The security code you entered is incorrect. Please try again.</LocalizedString>
          <LocalizedString ElementType="UxElement" StringId="error_passwordEntryMismatch">The passwords you entered don't match. Please try again.</LocalizedString>
          <LocalizedString ElementType="UxElement" StringId="error_fieldIncorrect">The security code you entered is incorrect. Please try again.</LocalizedString>
          <LocalizedString ElementType="UxElement" StringId="ver_fail_code_expired">The security code you entered has expired. Please request new code.</LocalizedString>
          <LocalizedString ElementType="UxElement" StringId="ver_fail_no_retry">The security code you entered has expired. Please request new code.</LocalizedString>
          <LocalizedString ElementType="UxElement" StringId="ver_fail_retry">The security code you entered is incorrect. Please try again.</LocalizedString>
          <LocalizedString ElementType="UxElement" StringId="ver_success_msg">Email address verified. You can now continue.</LocalizedString>
          <!-- SendGrid related DisplayControl/VerificationControl messages-->
          <LocalizedString ElementType="UxElement" StringId="verification_control_code_sent">Please enter the code you received. The code will expire in 10 minutes.</LocalizedString>
          <LocalizedString ElementType="UxElement" StringId="verification_control_fail_send_code">Failed to send the security code, please try again later.</LocalizedString>
          <LocalizedString ElementType="UxElement" StringId="verification_control_fail_verify_code">The security code you entered is incorrect. Please try again.</LocalizedString>
        </LocalizedStrings>
      </LocalizedResources>
      <!-- Password reset email OTP Verification via DisplayControl  -->
      <LocalizedResources Id="api.localaccount.passwordResetOTPVerify.en">
        <LocalizedStrings>
          <LocalizedString ElementType="UxElement" StringId="initial_intro"></LocalizedString>
          <LocalizedString ElementType="UxElement" StringId="ver_intro_msg">We'll send a code to confirm your details.</LocalizedString>
          <LocalizedString ElementType="UxElement" StringId="verifying_blurb">Please wait while we verify your account</LocalizedString>
          <LocalizedString ElementType="ErrorMessage" StringId="requiredFieldMissing">The security code you entered is incorrect. Please try again.</LocalizedString>
          <LocalizedString ElementType="UxElement" StringId="error_requiredFieldMissing">The security code you entered is incorrect. Please try again.</LocalizedString>
          <LocalizedString ElementType="UxElement" StringId="error_passwordEntryMismatch">The passwords you entered don't match. Please try again.</LocalizedString>
          <LocalizedString ElementType="UxElement" StringId="error_fieldIncorrect">The security code you entered is incorrect. Please try again.</LocalizedString>
          <LocalizedString ElementType="UxElement" StringId="ver_fail_code_expired">The security code you entered has expired. Please request new code.</LocalizedString>
          <LocalizedString ElementType="UxElement" StringId="ver_fail_no_retry">The security code you entered has expired. Please request new code.</LocalizedString>
          <LocalizedString ElementType="UxElement" StringId="ver_fail_retry">The security code you entered is incorrect. Please try again.</LocalizedString>
          <LocalizedString ElementType="UxElement" StringId="ver_success_msg">Email address verified. You can now continue.</LocalizedString>
          <!-- SendGrid related DisplayControl/VerificationControl messages-->
          <LocalizedString ElementType="UxElement" StringId="verification_control_code_sent">Please enter the code you received. The code will expire in 10 minutes.</LocalizedString>
          <LocalizedString ElementType="UxElement" StringId="verification_control_fail_send_code">Failed to send the security code, please try again later.</LocalizedString>
          <LocalizedString ElementType="UxElement" StringId="verification_control_fail_verify_code">The security code you entered is incorrect. Please try again.</LocalizedString>
        </LocalizedStrings>
      </LocalizedResources>
      <!-- Password Set Second Screen  -->
      <LocalizedResources Id="api.localaccount.activationtimeout.en">
        <LocalizedStrings>
          <LocalizedString ElementType="UxElement" StringId="initial_intro">A Timeout error has occured.</LocalizedString>
          <LocalizedString ElementType="UxElement" StringId="verifying_blurb">Please wait while we process the timeout</LocalizedString>
          <LocalizedString ElementType="UxElement" StringId="button_continue">CONTINUE</LocalizedString>
          <LocalizedString ElementType="UxElement" StringId="button_cancel">CANCEL</LocalizedString>
        </LocalizedStrings>
      </LocalizedResources>
      <!-- Customisation of the Password Reset Screen -->
      <LocalizedResources Id="api.localaccount.passwordreset.en">
        <LocalizedStrings>
          <LocalizedString ElementType="UxElement" StringId="initial_intro">Please enter your new password.</LocalizedString>
          <LocalizedString ElementType="UxElement" StringId="verifying_blurb">Please wait while we set your new password</LocalizedString>
          <LocalizedString ElementType="UxElement" StringId="button_cancel">CANCEL</LocalizedString>
          <LocalizedString ElementType="UxElement" StringId="button_continue">UPDATE</LocalizedString>
          <LocalizedString ElementType="ClaimType" ElementId="newPassword" StringId="DisplayName">New Password</LocalizedString>
          <LocalizedString ElementType="ClaimType" ElementId="reenterPassword" StringId="DisplayName">Confirm New Password</LocalizedString>
          <LocalizedString ElementType="UxElement" StringId="error_passwordEntryMismatch">The passwords you entered don't match. Please try again.</LocalizedString>
          <LocalizedString ElementType="UxElement" StringId="error_fieldIncorrect">Please try again - your password must include the characters below:</LocalizedString>
          <LocalizedString ElementType="ErrorMessage" StringId="requiredFieldMissing">You must enter a password</LocalizedString>
          <LocalizedString ElementType="UxElement" StringId="error_requiredFieldMissing">You must enter a password</LocalizedString>
        </LocalizedStrings>
      </LocalizedResources>
      <!-- Customisation of the Password Recovery Screen -->
      <LocalizedResources Id="api.localaccount.passwordrecovery.en">
        <LocalizedStrings>
          <LocalizedString ElementType="UxElement" StringId="initial_intro">Forgot Your Password</LocalizedString>
          <LocalizedString ElementType="UxElement" StringId="ver_intro_msg">Enter your email below and we'll send you a code to reset your password.</LocalizedString>
          <LocalizedString ElementType="UxElement" StringId="ver_info_msg">Please enter the code you received. The code will expire in 5 minutes.</LocalizedString>
          <LocalizedString ElementType="UxElement" StringId="verifying_blurb">Please wait while we find your account</LocalizedString>
          <LocalizedString ElementType="UxElement" StringId="ver_but_send">SEND CODE</LocalizedString>
          <LocalizedString ElementType="UxElement" StringId="ver_but_verify">VERIFY CODE</LocalizedString>
          <LocalizedString ElementType="UxElement" StringId="ver_success_msg">Email address verified. You can now continue.</LocalizedString>
          <LocalizedString ElementType="UxElement" StringId="ver_input">Code</LocalizedString>
          <LocalizedString ElementType="UxElement" StringId="button_cancel">CANCEL</LocalizedString>
          <LocalizedString ElementType="UxElement" StringId="button_continue">CONTINUE</LocalizedString>
          <LocalizedString ElementType="UxElement" StringId="ver_fail_code_expired">The security code you entered has expired. Please request new code.</LocalizedString>
          <!-- Trying to set the error message for incorrect email verification code using these options below. Hopefully one will work.. -->
          <LocalizedString ElementType="ErrorMessage" StringId="verificationErrorText">The security code you entered is incorrect. Please try again.</LocalizedString>
          <LocalizedString ElementType="UxElement" StringId="error_fieldIncorrect">The security code you entered is incorrect. Please try again.</LocalizedString>
          <LocalizedString ElementType="ErrorMessage" StringId="requiredFieldMissing">The security code you entered is incorrect. Please try again.</LocalizedString>
          <LocalizedString ElementType="UxElement" StringId="error_requiredFieldMissing">The security code you entered is incorrect. Please try again.</LocalizedString>
          <LocalizedString ElementType="UxElement" StringId="ver_fail_no_retry">The security code you entered has expired. Please request new code.</LocalizedString>
          <LocalizedString ElementType="UxElement" StringId="ver_fail_retry">The security code you entered is incorrect. Please try again.</LocalizedString>
          <!-- <LocalizedString ElementType="UxElement" StringId="error_incorrect_code">The security code you entered is incorrect. Please try again.</LocalizedString> -->
        </LocalizedStrings>
      </LocalizedResources>
      <!-- Customisation of the Email 2FA screen -->
      <LocalizedResources Id="api.localaccount.email2fa.en">
        <LocalizedStrings>
          <LocalizedString ElementType="UxElement" StringId="ver_intro_msg">We'll send a code to confirm your details.</LocalizedString>
          <LocalizedString ElementType="UxElement" StringId="ver_info_msg">Please enter the code you received. The code will expire in 5 minutes.</LocalizedString>
          <LocalizedString ElementType="UxElement" StringId="verifying_blurb">Please wait while we find your account</LocalizedString>
          <LocalizedString ElementType="UxElement" StringId="ver_but_send">SEND CODE</LocalizedString>
          <LocalizedString ElementType="UxElement" StringId="ver_but_resend">Send new code</LocalizedString>
          <LocalizedString ElementType="UxElement" StringId="button_cancel">CANCEL</LocalizedString>
          <LocalizedString ElementType="UxElement" StringId="button_continue">CONTINUE</LocalizedString>
          <LocalizedString ElementType="UxElement" StringId="ver_but_verify">VERIFY CODE</LocalizedString>
          <LocalizedString ElementType="UxElement" StringId="ver_input">Code</LocalizedString>
          <LocalizedString ElementType="UxElement" StringId="ver_fail_code_expired">The security code you entered has expired. Please request new code.</LocalizedString>
          <LocalizedString ElementType="UxElement" StringId="ver_success_msg">Email address verified. You can now continue.</LocalizedString>
          <!-- Trying to set the error message for incorrect email verification code using these options below. Hopefully one will work.. -->
          <LocalizedString ElementType="ErrorMessage" StringId="verificationErrorText">The security code you entered is incorrect. Please try again.</LocalizedString>
          <LocalizedString ElementType="UxElement" StringId="error_fieldIncorrect">The security code you entered is incorrect. Please try again.</LocalizedString>
          <LocalizedString ElementType="ErrorMessage" StringId="requiredFieldMissing">The security code you entered is incorrect. Please try again.</LocalizedString>
          <LocalizedString ElementType="UxElement" StringId="error_requiredFieldMissing">The security code you entered is incorrect. Please try again.</LocalizedString>
          <LocalizedString ElementType="ErrorMessage" StringId="error_incorrect_code">The security code you entered is incorrect. Please try again.</LocalizedString>
          <LocalizedString ElementType="UxElement" StringId="ver_fail_retry">The security code you entered is incorrect. Please try again.</LocalizedString>
          <!-- <LocalizedString ElementType="UxElement" StringId="error_incorrect_code">The security code you entered is incorrect. Please try again.</LocalizedString> -->
        </LocalizedStrings>
      </LocalizedResources>
      <!-- Customisation of the Password Recovery Screen for a verified user -->
      <LocalizedResources Id="api.localaccount.verpasswordrecovery.en">
        <LocalizedStrings>
          <LocalizedString ElementType="UxElement" StringId="initial_intro">Enter your email below to reset your password.</LocalizedString>
          <LocalizedString ElementType="UxElement" StringId="verifying_blurb">Please wait while we find your account</LocalizedString>
          <LocalizedString ElementType="ClaimType" ElementId="email" StringId="DisplayName">Email Address</LocalizedString>
          <LocalizedString ElementType="UxElement" StringId="button_continue">CONTINUE</LocalizedString>
          <LocalizedString ElementType="ErrorMessage" StringId="requiredFieldMissing">Please enter your registered email address.</LocalizedString>
          <LocalizedString ElementType="UxElement" StringId="error_requiredFieldMissing">Please enter your registered email address.</LocalizedString>
          <LocalizedString ElementType="UxElement" StringId="error_fieldIncorrect">Please enter your registered email address.</LocalizedString>
        </LocalizedStrings>
      </LocalizedResources>
      <!-- Customisation of the Email 2FA screen -->
      <LocalizedResources Id="api.localaccount.emailsignin.en">
        <LocalizedStrings>
          <LocalizedString ElementType="UxElement" StringId="initial_intro"></LocalizedString>
          <LocalizedString ElementType="UxElement" StringId="ver_intro_msg">We've upgraded our systems to make your online experience safer and more secure. Please verify your email and change your password. Send my verification code to:</LocalizedString>
          <LocalizedString ElementType="UxElement" StringId="ver_info_msg">Please enter the code you received. The code will expire in 5 minutes.</LocalizedString>
          <LocalizedString ElementType="UxElement" StringId="verifying_blurb">Please wait while we find your account</LocalizedString>
          <LocalizedString ElementType="UxElement" StringId="ver_but_send">SEND CODE</LocalizedString>
          <LocalizedString ElementType="UxElement" StringId="ver_but_resend">Send new code</LocalizedString>
          <LocalizedString ElementType="UxElement" StringId="button_cancel">CANCEL</LocalizedString>
          <LocalizedString ElementType="UxElement" StringId="button_continue">CONTINUE</LocalizedString>
          <LocalizedString ElementType="UxElement" StringId="ver_but_verify">VERIFY CODE</LocalizedString>
          <LocalizedString ElementType="UxElement" StringId="ver_input">Code</LocalizedString>
          <LocalizedString ElementType="UxElement" StringId="ver_fail_code_expired">The security code you entered has expired. Please request new code.</LocalizedString>
          <LocalizedString ElementType="UxElement" StringId="ver_success_msg">Email address verified. You can now continue.</LocalizedString>
          <!-- Trying to set the error message for incorrect email verification code using these options below. Hopefully one will work.. -->
          <LocalizedString ElementType="ErrorMessage" StringId="verificationErrorText">The security code you entered is incorrect. Please try again.</LocalizedString>
          <LocalizedString ElementType="UxElement" StringId="error_fieldIncorrect">The security code you entered is incorrect. Please try again.</LocalizedString>
          <LocalizedString ElementType="ErrorMessage" StringId="requiredFieldMissing">The security code you entered is incorrect. Please try again.</LocalizedString>
          <LocalizedString ElementType="UxElement" StringId="error_requiredFieldMissing">The security code you entered is incorrect. Please try again.</LocalizedString>
          <LocalizedString ElementType="ErrorMessage" StringId="error_incorrect_code">The security code you entered is incorrect. Please try again.</LocalizedString>
          <LocalizedString ElementType="UxElement" StringId="ver_fail_retry">The security code you entered is incorrect. Please try again.</LocalizedString>
        </LocalizedStrings>
      </LocalizedResources>
      <!-- Customisation of the Choose 2FA method screen -->
      <LocalizedResources Id="api.localaccount.2famethod.en">
        <LocalizedStrings>
          <LocalizedString ElementType="UxElement" StringId="initial_intro">We need to verify your details.</LocalizedString>
          <LocalizedString ElementType="UxElement" StringId="ver_info_msg">We need to verify your details.</LocalizedString>
          <LocalizedString ElementType="UxElement" StringId="verifying_blurb">Please wait while we verify your account</LocalizedString>
          <LocalizedString ElementType="UxElement" StringId="ver_but_send">SEND CODE</LocalizedString>
          <LocalizedString ElementType="UxElement" StringId="error_requiredFieldMissing">Please select a valid option so we can verify your identity.</LocalizedString>
          <!-- <LocalizedString ElementType="UxElement" StringId="email_ver_but_resend">Send New Code</LocalizedString> -->
          <LocalizedString ElementType="UxElement" StringId="button_cancel">CANCEL</LocalizedString>
          <LocalizedString ElementType="UxElement" StringId="button_continue">CONTINUE</LocalizedString>
          <LocalizedString ElementType="UxElement" StringId="ver_but_verify">VERIFY CODE</LocalizedString>
          <LocalizedString ElementType="UxElement" StringId="ver_intro_msg">We'll send you a code to confirm your details.</LocalizedString>
        </LocalizedStrings>
      </LocalizedResources>
      <!-- Customisation of the Local Account In App Registration Screen -->
      <LocalizedResources Id="api.localaccount.inappregistration.en">
        <LocalizedStrings>
          <LocalizedString ElementType="UxElement" StringId="initial_intro"></LocalizedString>
          <LocalizedString ElementType="UxElement" StringId="ver_intro_msg">Send my verification code to:</LocalizedString>
          <LocalizedString ElementType="UxElement" StringId="ver_info_msg">Please enter the code you received. The code will expire in 5 minutes.</LocalizedString>
          <LocalizedString ElementType="UxElement" StringId="ver_but_send">SEND CODE</LocalizedString>
          <LocalizedString ElementType="UxElement" StringId="ver_input">Code</LocalizedString>
          <LocalizedString ElementType="ErrorMessage" StringId="requiredFieldMissing">You must enter a password</LocalizedString>
          <LocalizedString ElementType="UxElement" StringId="error_requiredFieldMissing">You must enter a password</LocalizedString>
          <LocalizedString ElementType="UxElement" StringId="error_passwordEntryMismatch">The passwords you entered don't match. Please try again.</LocalizedString>
          <LocalizedString ElementType="UxElement" StringId="error_fieldIncorrect">Please try again - your password must include the characters below:</LocalizedString>
        </LocalizedStrings>
      </LocalizedResources>
      <!-- Customisation of the Local Account In App Registration Screen -->
      <LocalizedResources Id="api.localaccount.inappregistrationEmailVerify.en">
        <LocalizedStrings>
          <LocalizedString ElementType="UxElement" StringId="initial_intro"></LocalizedString>
          <LocalizedString ElementType="UxElement" StringId="ver_intro_msg">We'll send a code to confirm your details.</LocalizedString>
          <LocalizedString ElementType="UxElement" StringId="ver_info_msg"></LocalizedString>
          <LocalizedString ElementType="ErrorMessage" StringId="requiredFieldMissing">The security code you entered is incorrect. Please try again.</LocalizedString>
          <LocalizedString ElementType="UxElement" StringId="error_requiredFieldMissing">The security code you entered is incorrect. Please try again.</LocalizedString>
          <LocalizedString ElementType="UxElement" StringId="error_passwordEntryMismatch">The passwords you entered don't match. Please try again.</LocalizedString>
          <LocalizedString ElementType="UxElement" StringId="error_fieldIncorrect">The security code you entered is incorrect. Please try again.</LocalizedString>
          <LocalizedString ElementType="UxElement" StringId="ver_fail_code_expired">The security code you entered has expired. Please request new code.</LocalizedString>
          <LocalizedString ElementType="UxElement" StringId="ver_fail_no_retry">The security code you entered has expired. Please request new code.</LocalizedString>
          <LocalizedString ElementType="UxElement" StringId="ver_fail_retry">The security code you entered is incorrect. Please try again.</LocalizedString>
          <LocalizedString ElementType="UxElement" StringId="ver_success_msg">Email address verified. You can now continue.</LocalizedString>
          <!-- SendGrid related DisplayControl/VerificationControl messages-->
          <LocalizedString ElementType="UxElement" StringId="verification_control_code_sent">Please enter the code you received. The code will expire in 10 minutes.</LocalizedString>
          <LocalizedString ElementType="UxElement" StringId="verification_control_fail_send_code">Failed to send the security code, please try again later.</LocalizedString>
          <LocalizedString ElementType="UxElement" StringId="verification_control_fail_verify_code">The security code you entered is incorrect. Please try again.</LocalizedString>
        </LocalizedStrings>
      </LocalizedResources>
      <!-- Customisation of the Local Account Registration Screen -->
      <LocalizedResources Id="api.localaccount.registration.en">
        <LocalizedStrings>
          <LocalizedString ElementType="UxElement" StringId="initial_intro">**** CREATE LOCAL ACCOUNT FOR TESTING PURPOSES ONLY ****</LocalizedString>
          <LocalizedString ElementType="UxElement" StringId="ver_intro_msg">** TESTING ONLY ** Not to be used in Production Environment ** TESTING ONLY **</LocalizedString>
        </LocalizedStrings>
      </LocalizedResources>
      <!-- Customisation of the 2FA Phone Factor Screen -->
      <LocalizedResources Id="api.phonefactor.en">
        <LocalizedStrings>
          <LocalizedString ElementType="UxElement" StringId="button_send_code">TEXT CODE</LocalizedString>
          <LocalizedString ElementType="UxElement" StringId="button_verify">CALL ME</LocalizedString>
          <LocalizedString ElementType="UxElement" StringId="country_code_label">Country code</LocalizedString>
          <LocalizedString ElementType="UxElement" StringId="enter_code_text_intro">Enter the verification code we sent you or </LocalizedString>
          <LocalizedString ElementType="UxElement" StringId="invalid_number">You must enter a valid phone number</LocalizedString>
          <LocalizedString ElementType="UxElement" StringId="number_label">Phone number</LocalizedString>
          <LocalizedString ElementType="UxElement" StringId="text_button_send_second_code">Text new code</LocalizedString>
          <LocalizedString ElementType="UxElement" StringId="error_incorrect_code">The security code you entered is incorrect. Please try again.</LocalizedString>
          <LocalizedString ElementType="UxElement" StringId="invalid_code">The security code you entered is incorrect. Please try again.</LocalizedString>
          <LocalizedString ElementType="UxElement" StringId="verification_code_input_placeholder_text">Code</LocalizedString>
          <LocalizedString ElementType="UxElement" StringId="intro_entry_mixed">We'll send you a code to confirm your details.</LocalizedString>
          <LocalizedString ElementType="UxElement" StringId="intro_mixed">We'll send you a code to confirm your details.</LocalizedString>
          <LocalizedString ElementType="UxElement" StringId="intro_sms">We'll send you a code to confirm your details.</LocalizedString>
        </LocalizedStrings>
      </LocalizedResources>
    </Localization>
  </BuildingBlocks>
  <!--
   _______     _             ___               _    __
 / ___/ /__ _(_)_ _  ___   / _ \_______ _  __(_)__/ /__ _______
/ /__/ / _ `/ /  ' \(_-<  / ___/ __/ _ \ |/ / / _  / -_) __(_-<
\___/_/\_,_/_/_/_/_/___/ /_/  /_/  \___/___/_/\_,_/\__/_/ /___/
  -->
  <ClaimsProviders>
    <!-- The tenant specific Graph API used to connect to the underlying directory. -->
    <ClaimsProvider>
      <DisplayName>Azure Active Directory Store</DisplayName>
      <TechnicalProfiles>
        <TechnicalProfile Id="AzureActiveDirectoryStore-Common">
          <Metadata>
            <Item Key="ApplicationObjectId">__IEFGraphApplication_Id__</Item>
            <Item Key="ClientId">__IEFGraphApplication_ClientId__</Item>
          </Metadata>
        </TechnicalProfile>
      </TechnicalProfiles>
    </ClaimsProvider>
    <!-- The following claims provider defines the common TP for the SendGrid integration. -->
    <ClaimsProvider>
      <DisplayName>SendGrid Restful Provider</DisplayName>
      <TechnicalProfiles>
        <TechnicalProfile Id="SendGrid-Common">
          <Metadata>
            <Item Key="ServiceUrl">__SendGrid_ServiceURL__</Item>
            <Item Key="IncludeClaimResolvingInClaimsHandling">true</Item>
          </Metadata>
        </TechnicalProfile>
      </TechnicalProfiles>
    </ClaimsProvider>
    <!-- The tenant specific REST API (Azure Function) used to log Application Insights event. -->
    <ClaimsProvider>
      <DisplayName>Azure Functions</DisplayName>
      <TechnicalProfiles>
        <TechnicalProfile Id="AzureFunctions-AzureApplicationInsights-Common">
          <Metadata>
            <Item Key="ServiceUrl">__AzureFunctions_ServiceURL__?code=__FunctionApp_Key__</Item>
            <Item Key="IncludeClaimResolvingInClaimsHandling">true</Item>
          </Metadata>
        </TechnicalProfile>
      </TechnicalProfiles>
    </ClaimsProvider>
    <!-- The tenant specific OSC Rest API (Azure Function App) is used to call CreateDisabledUserFromCIAMHttpTrigger. -->
    <ClaimsProvider>
      <DisplayName>OSC REST API profile to call CreateDisabledUserFromCIAMHttpTrigger</DisplayName>
      <TechnicalProfiles>
        <TechnicalProfile Id="AzureFunctions-OSCAPI-CreateDisabledUserFromCIAM">
          <Metadata>
            <Item Key="ServiceUrl">__AzureFunctions_OSCAPICreateDisabledUserFromCIAM_ServiceURL__?code=__FunctionApp_Key__</Item>
          </Metadata>
        </TechnicalProfile>
      </TechnicalProfiles>
    </ClaimsProvider>
    <!-- The tenant specific OSC Rest API (Azure Function App) is used to call DataSyncEngine. -->
    <ClaimsProvider>
      <DisplayName>OSC REST API profile to call DataSyncEngineHttpTrigger</DisplayName>
      <TechnicalProfiles>
        <TechnicalProfile Id="AzureFunctions-OSCAPI-DataSyncEngine">
          <Metadata>
            <Item Key="ServiceUrl">__AzureFunctions_OSCAPIDataSyncEngine_ServiceURL__?code=__FunctionApp_Key__</Item>
          </Metadata>
        </TechnicalProfile>
      </TechnicalProfiles>
    </ClaimsProvider>
    <!-- The tenant specific API Gateway (Azure Function App) is used to call AWS API Gateway provided by Certus (DMA). -->
    <ClaimsProvider>
      <DisplayName>REST API profile to call API Gateway to Create Pending OSC User</DisplayName>
      <TechnicalProfiles>
        <TechnicalProfile Id="AzureFunctions-APIGateway-CallCreatePendingOscUser">
          <Metadata>
            <Item Key="ServiceUrl">__APIGatewayFxnApp_CallCreatePendingOscUser_ServiceURL__</Item>
          </Metadata>
        </TechnicalProfile>
      </TechnicalProfiles>
    </ClaimsProvider>
    <!-- The tenant specific API Gateway (Azure Function App) is used to call AWS API Gateway provided by Certus (DMA). -->
    <ClaimsProvider>
      <DisplayName>REST API profile to call API Gateway to Activate Pending OSC User</DisplayName>
      <TechnicalProfiles>
        <TechnicalProfile Id="AzureFunctions-APIGateway-CallActivatePendingOscUser">
          <Metadata>
            <Item Key="ServiceUrl">__APIGatewayFxnApp_CallActivatePendingOscUser_ServiceURL__</Item>
          </Metadata>
        </TechnicalProfile>
      </TechnicalProfiles>
    </ClaimsProvider>
    <!-- The tenant specific API Gateway (Azure Function App) is used to call Firebase analytics Google cloud function endpoint. -->
    <ClaimsProvider>
      <DisplayName>REST API profile to call Firebase analytics Google cloud function endpoint to post analytics data</DisplayName>
      <TechnicalProfiles>
        <TechnicalProfile Id="AzureFunctions-APIGateway-CallFirebaseAnalyticsGCF-Common">
          <Metadata>
            <Item Key="ServiceUrl">__APIGatewayFxnApp_CallFirebaseAnalyticsGCF_ServiceURL__</Item>
          </Metadata>
        </TechnicalProfile>
      </TechnicalProfiles>
    </ClaimsProvider>
    <!-- The tenant specific Authentication Proxy used to authentication client applications. -->
    <ClaimsProvider>
      <DisplayName>Local Account</DisplayName>
      <TechnicalProfiles>
        <TechnicalProfile Id="LocalAccount-OpenIdConnect">
          <Metadata>
            <Item Key="client_id">__IEFAuthenticationProxyApplication_ClientId__</Item>
            <Item Key="IdTokenAudience">__IEFAuthenticationApplication_ClientId__</Item>
          </Metadata>
          <InputClaims>
            <InputClaim ClaimTypeReferenceId="clientId" PartnerClaimType="client_id" DefaultValue="__IEFAuthenticationProxyApplication_ClientId__" />
            <InputClaim ClaimTypeReferenceId="resource" DefaultValue="__IEFAuthenticationApplication_ClientId__" />
          </InputClaims>
        </TechnicalProfile>
      </TechnicalProfiles>
    </ClaimsProvider>
    <!-- The tenant specific Authentication Proxy used to authentication client applications. -->
    <ClaimsProvider>
      <DisplayName>Local Account Password Re-Verification</DisplayName>
      <TechnicalProfiles>
        <TechnicalProfile Id="LocalAccount-OpenIdConnectReVerify">
          <Metadata>
            <Item Key="client_id">__IEFAuthenticationProxyApplication_ClientId__</Item>
            <Item Key="IdTokenAudience">__IEFAuthenticationApplication_ClientId__</Item>
          </Metadata>
          <InputClaims>
            <InputClaim ClaimTypeReferenceId="clientId" PartnerClaimType="client_id" DefaultValue="__IEFAuthenticationProxyApplication_ClientId__" />
            <InputClaim ClaimTypeReferenceId="resource" DefaultValue="__IEFAuthenticationApplication_ClientId__" />
          </InputClaims>
        </TechnicalProfile>
      </TechnicalProfiles>
    </ClaimsProvider>
    <ClaimsProvider>
      <DisplayName>Azure Application Insights</DisplayName>
      <TechnicalProfiles>
        <TechnicalProfile Id="AzureApplicationInsights-Common">
          <Metadata>
            <!-- The ApplicationInsights instrumentation key which will be used for logging the events -->
            <Item Key="InstrumentationKey">__AppInsightsInstrumentationKey__</Item>
          </Metadata>
        </TechnicalProfile>
      </TechnicalProfiles>
    </ClaimsProvider>
    <ClaimsProvider>
      <DisplayName>ID Token Hint ClaimsProvider</DisplayName>
      <TechnicalProfiles>
        <TechnicalProfile Id="IdTokenHint_ExtractClaims">
          <Metadata>
            <Item Key="METADATA">__metadata_url__</Item>
            <Item Key="IdTokenAudience">__jwt_audience__</Item>
            <!-- <Item Key="issuer">__jwt_issuer__</Item> -->
          </Metadata>
        </TechnicalProfile>
      </TechnicalProfiles>
    </ClaimsProvider>
  </ClaimsProviders>
</TrustFrameworkPolicy>
