<?xml version="1.0" encoding="UTF-8" standalone="yes"?>
<!--
    Filename:       B2C_1A_rp_in_app_registration.xml
    Notes:          Registration Relying Party Policy
    Purpose:        Relying Party policy for In-App Registration journey
                    This journey is used while a user is trying to register via mobile app (DMA).
    Author:         Adeel Nasir (Kloud)
    Date Created:   June 19th 2019
    Revision History:
    Name:           Date:         Description:

-->
<TrustFrameworkPolicy
  PolicySchemaVersion="0.3.0.0"
  TenantId="arcbsciamb2c.onmicrosoft.com"
  PolicyId="B2C_1A_rp_in_app_registration"
  PublicPolicyUri="http://arcbsciamb2c.onmicrosoft.com"
  xmlns="http://schemas.microsoft.com/online/cpim/schemas/2013/06"
  xmlns:xsd="http://www.w3.org/2001/XMLSchema"
  xmlns:xsi="http://www.w3.org/2001/XMLSchema-instance"
  DeploymentMode="Production"
  UserJourneyRecorderEndpoint="urn:journeyrecorder:applicationinsights"
  >
  <!-- The policy to inherit from using IEF inheritance model -->
  <BasePolicy>
    <TenantId>arcbsciamb2c.onmicrosoft.com</TenantId>
    <PolicyId>B2C_1A_ext</PolicyId>
  </BasePolicy>
  <!-- Override the custom UI location depending on the Relying Party -->
  <BuildingBlocks>
    <ContentDefinitions>
      <ContentDefinition Id="api.localaccount.inappregistration">
        <LoadUri>__customUIPath.inappregistration__</LoadUri>
      </ContentDefinition>
      <ContentDefinition Id="api.localaccount.inappregistrationEmailVerify">
        <LoadUri>__customUIPath.inappregistration__</LoadUri>
      </ContentDefinition>
      <ContentDefinition Id="api.error">
        <LoadUri>__customUIPath.error__</LoadUri>
      </ContentDefinition>
      <ContentDefinition Id="api.outage">
        <LoadUri>__customUIPath.outage__</LoadUri>
      </ContentDefinition>
    </ContentDefinitions>
  </BuildingBlocks>
  <!--
    The RelyingParty element specifies the user journey to enforce and the list of claims
    to return to the relying party application as part of the issued token.
   -->
  <RelyingParty>
    <DefaultUserJourney ReferenceId="__InAppRegistrationUserJourneyToExecute__" />
    <UserJourneyBehaviors>
      <!--
        With multiple applications and policies in a B2C tenant, user interaction across B2C apps and policies can be managed using the Single sign-on configuration property.
        When set to Tenant (the default setting) this allows multiple applications and policies in the one B2C tenant to share the same user session. With this setting enabled,
        in theory once a user signs into an application such as DMA they should then be able to seamlessly sign in to Donor Portal if access from the same browser.
      -->
      <SingleSignOn Scope="Tenant" />
      <SessionExpiryType>Rolling</SessionExpiryType>
      <SessionExpiryInSeconds>86400</SessionExpiryInSeconds>
      <!-- The below code is to record debugging logs to app insights (ciamb2c-bld)-->
      <JourneyInsights TelemetryEngine="ApplicationInsights" InstrumentationKey="__AppInsightsInstrumentationKey__" DeveloperMode="false" ClientEnabled="true" ServerEnabled="true" TelemetryVersion="1.0.0" />
      <!-- Enable JavaScript execution by adding the ScriptExecution element to the RelyingParty element -->
      <ScriptExecution>Allow</ScriptExecution>
    </UserJourneyBehaviors>
    <TechnicalProfile Id="RelyingParty-InAppRegistration-ClientAssertion">
      <DisplayName>Account registration with legacy symmetric key</DisplayName>
      <Protocol Name="OpenIdConnect" />
      <CryptographicKeys>
        <Key Id="client_secret" StorageReferenceId="B2C_1A_DmaJWTSecretKey" />
      </CryptographicKeys>
      <!-- Input data into the Self Asserted UI Form -->
      <InputClaims>
        <InputClaim ClaimTypeReferenceId="email" PartnerClaimType="verify_email" />
        <InputClaim ClaimTypeReferenceId="userDetailsToken" PartnerClaimType="user_details_token" />
        <InputClaim ClaimTypeReferenceId="extension_ContactId" PartnerClaimType="contact_id" />
        <InputClaim ClaimTypeReferenceId="extension_AuthenticationPhoneNumber" PartnerClaimType="phone" />
        <InputClaim ClaimTypeReferenceId="userExists" PartnerClaimType="user_exists" />
        <InputClaim ClaimTypeReferenceId="trackingId" PartnerClaimType="tracking_id" />
      </InputClaims>
      <!-- Output data from the Self Asserted UI Form -->
      <OutputClaims>
        <OutputClaim ClaimTypeReferenceId="objectId" PartnerClaimType="sub" />
        <OutputClaim ClaimTypeReferenceId="email" />
        <OutputClaim ClaimTypeReferenceId="userDetailsToken" PartnerClaimType="user_details_token" />
        <OutputClaim ClaimTypeReferenceId="userPrincipalName" />
        <OutputClaim ClaimTypeReferenceId="extension_ContactId" PartnerClaimType="contact_id"/>
        <OutputClaim ClaimTypeReferenceId="trustFrameworkPolicy" Required="true" DefaultValue="{policy}" />
      </OutputClaims>
      <SubjectNamingInfo ClaimType="sub" />
    </TechnicalProfile>
    <TechnicalProfile Id="RelyingParty-InAppRegistration-IDTokenHint">
      <DisplayName>Account registration with OIDC-like asymmetric key</DisplayName>
      <Protocol Name="OpenIdConnect" />
      <!-- Input data into the Self Asserted UI Form -->
      <InputClaims>
        <InputClaim ClaimTypeReferenceId="email" PartnerClaimType="verify_email" />
        <InputClaim ClaimTypeReferenceId="userDetailsToken" PartnerClaimType="user_details_token" />
        <InputClaim ClaimTypeReferenceId="extension_ContactId" PartnerClaimType="contact_id" />
        <InputClaim ClaimTypeReferenceId="extension_AuthenticationPhoneNumber" PartnerClaimType="phone" />
        <InputClaim ClaimTypeReferenceId="userExists" PartnerClaimType="user_exists" />
        <InputClaim ClaimTypeReferenceId="trackingId" PartnerClaimType="tracking_id" />
      </InputClaims>
      <!-- Output data from the Self Asserted UI Form -->
      <OutputClaims>
        <OutputClaim ClaimTypeReferenceId="objectId" PartnerClaimType="sub" />
        <OutputClaim ClaimTypeReferenceId="email" />
        <OutputClaim ClaimTypeReferenceId="userDetailsToken" PartnerClaimType="user_details_token" />
        <OutputClaim ClaimTypeReferenceId="userPrincipalName" />
        <OutputClaim ClaimTypeReferenceId="extension_ContactId" PartnerClaimType="contact_id"/>
        <OutputClaim ClaimTypeReferenceId="trustFrameworkPolicy" Required="true" DefaultValue="{policy}" />
      </OutputClaims>
      <SubjectNamingInfo ClaimType="sub" />
    </TechnicalProfile>
  </RelyingParty>
</TrustFrameworkPolicy>
