<?xml version="1.0" encoding="UTF-8" standalone="yes"?>
<!--
    Filename:       B2C_1A_rp_sign_in.xml
    Notes:          Sign-In Relying Party Policy
                    The Relying Party policy defines the user journey to enforce and the claims the
                    relying party application requires as part of the issued token. Multiple applications
                    can use the same policy resulting in the same token with claims sent back to the
                    Relying Party Application and the end user will go through the same user journey.
    Purpose:        Relying Party policy for Sign-In journey
                    This journey is called by the native iOS & Android Donor Mobile applications.
    Author:         Warwick Jaensch (Kloud Solutions)
    Date Created:   January 22nd 2018
    Revision History:
    Name:           Date:         Description:
      WCJ           06/06/18      Custom UI location per RP as defined in <BuildingBlock><ContentDefinitions><ContentDefinition>
-->
<TrustFrameworkPolicy
  PolicySchemaVersion="0.3.0.0"
  TenantId="arcbsciamb2c.onmicrosoft.com"
  PolicyId="B2C_1A_rp_sign_in"
  PublicPolicyUri="http://arcbsciamb2c.onmicrosoft.com"
  xmlns="http://schemas.microsoft.com/online/cpim/schemas/2013/06"
  xmlns:xsd="http://www.w3.org/2001/XMLSchema"
  xmlns:xsi="http://www.w3.org/2001/XMLSchema-instance"
  DeploymentMode="Production"
  UserJourneyRecorderEndpoint="urn:journeyrecorder:applicationinsights"
  >
  <!-- The policy to inherit from using IEF inheritance model -->
  <BasePolicy>
    <TenantId>arcbsciamb2c.onmicrosoft.com</TenantId>
    <PolicyId>B2C_1A_ext</PolicyId>
  </BasePolicy>
  <!-- Override the custom UI location depending on the Relying Party -->
  <BuildingBlocks>
    <!-- Content Definitions for the Relying Party Policy -->
    <!-- Custom UI locations in this section will override what is defined in the extention policy file -->
    <ContentDefinitions>
      <ContentDefinition Id="api.localaccount.login">
        <LoadUri>__customUIPath.login__</LoadUri>
      </ContentDefinition>
      <ContentDefinition Id="api.signin">
        <LoadUri>__customUIPath.login__</LoadUri>
      </ContentDefinition>
      <ContentDefinition Id="api.localaccount.2famethod">
        <LoadUri>__customUIPath.login__</LoadUri>
      </ContentDefinition>
      <ContentDefinition Id="api.localaccount.email2fa">
        <LoadUri>__customUIPath.login__</LoadUri>
      </ContentDefinition>
      <ContentDefinition Id="api.phonefactor">
        <LoadUri>__customUIPath.login__</LoadUri>
      </ContentDefinition>
      <ContentDefinition Id="api.error">
        <LoadUri>__customUIPath.error__</LoadUri>
      </ContentDefinition>
      <ContentDefinition Id="api.outage">
        <LoadUri>__customUIPath.outage__</LoadUri>
      </ContentDefinition>
      <ContentDefinition Id="api.localaccount.emailsignin">
        <LoadUri>__customUIPath.login__</LoadUri>
      </ContentDefinition>
      <ContentDefinition Id="api.localaccount.passwordset">
        <LoadUri>__customUIPath.login__</LoadUri>
      </ContentDefinition>
      <ContentDefinition Id="api.localaccount.emailOTPVerify">
        <LoadUri>__customUIPath.login__</LoadUri>
      </ContentDefinition>
    </ContentDefinitions>
    <!-- Localization for the Relying Party Policy -->
    <!-- Strings defined in this section override what is defined in the extention policy file -->
    <Localization Enabled="true">
      <SupportedLanguages DefaultLanguage="en" MergeBehavior="ReplaceAll">
        <SupportedLanguage>en</SupportedLanguage>
      </SupportedLanguages>
      <!-- Customisation of the SignIn Screen - overrides extentions file -->
      <LocalizedResources Id="api.signin.en">
        <LocalizedStrings>
        </LocalizedStrings>
      </LocalizedResources>
      <!-- Password Change First Screen - overrides extentions file -->
      <LocalizedResources Id="api.localaccount.login.en">
        <LocalizedStrings>
        </LocalizedStrings>
      </LocalizedResources>
      <!-- Customisation of the Email 2FA Screen - overrides extentions file -->
      <LocalizedResources Id="api.localaccount.email2fa.en">
        <LocalizedStrings>
          <LocalizedString ElementType="UxElement" StringId="initial_intro"></LocalizedString>
        </LocalizedStrings>
      </LocalizedResources>
      <!-- Customisation of the Phone Factor Screen - overrides extentions file -->
      <LocalizedResources Id="api.phonefactor.en">
        <LocalizedStrings>
        </LocalizedStrings>
      </LocalizedResources>
      <!-- Customisation of the Password Set screen - overrides extentions file -->
      <LocalizedResources Id="api.localaccount.passwordset.en">
        <LocalizedStrings>
          <LocalizedString ElementType="UxElement" StringId="initial_intro">Nearly there! Please create a new password.</LocalizedString>
        </LocalizedStrings>
      </LocalizedResources>
    </Localization>
  </BuildingBlocks>
  <!--
    The RelyingParty element specifies the user journey to enforce and the list of claims
    to return to the relying party application as part of the issued token.
   -->
  <RelyingParty>
    <DefaultUserJourney ReferenceId="__SignInUserJourneyToExecute__" />
    <UserJourneyBehaviors>
      <!--
        With multiple applications and policies in a B2C tenant, user interaction across B2C apps and policies can be managed using the Single sign-on configuration property.
        When set to Tenant (the default setting) this allows multiple applications and policies in the one B2C tenant to share the same user session. With this setting enabled,
        in theory once a user signs into an application such as DMA they should then be able to seamlessly sign in to Donor Portal if access from the same browser.
      -->
      <SingleSignOn Scope="Tenant" />
      <SessionExpiryType>Rolling</SessionExpiryType>
      <SessionExpiryInSeconds>86400</SessionExpiryInSeconds>
      <JourneyInsights TelemetryEngine="ApplicationInsights" InstrumentationKey="__AppInsightsInstrumentationKey__" DeveloperMode="false" ClientEnabled="true" ServerEnabled="true" TelemetryVersion="1.0.0" />
      <!-- Enable JavaScript execution by adding the ScriptExecution element to the RelyingParty element -->
      <ScriptExecution>Allow</ScriptExecution>
    </UserJourneyBehaviors>
    <TechnicalProfile Id="RelyingPartyDMA-SignIn">
      <DisplayName>Sign In</DisplayName>
      <Protocol Name="OpenIdConnect" />
      <!-- The output claims sent back to DMA. -->
      <OutputClaims>
        <OutputClaim ClaimTypeReferenceId="email" />
        <OutputClaim ClaimTypeReferenceId="objectId" PartnerClaimType="sub" />
        <OutputClaim ClaimTypeReferenceId="userPrincipalName" />
        <OutputClaim ClaimTypeReferenceId="extension_ContactId" />
        <OutputClaim ClaimTypeReferenceId="trustFrameworkPolicy" Required="true" DefaultValue="{policy}" />
      </OutputClaims>
      <!-- Subject Name is set to the Object ID. -->
      <SubjectNamingInfo ClaimType="sub" />
    </TechnicalProfile>
  </RelyingParty>
</TrustFrameworkPolicy>
