<?xml version="1.0" encoding="UTF-8" standalone="yes"?>
<!--
    Filename:       B2C_1A_rp_password_change.xml
    Notes:          Password Change Relying Party Policy
                    The Relying Party policy defines the user journey to enforce and the claims the
                    relying party application requires as part of the issued token. Multiple applications
                    can use the same policy resulting in the same token with claims sent back to the
                    Relying Party Application and the end user will go through the same user journey.
    Purpose:        Relying Party policy for Password Change journey
                    This journey is called by the native iOS & Android Donor Mobile applications.
    Author:         Warwick Jaensch (Kloud Solutions)
    Date Created:   January 22nd 2018
    Revision History:
    Name:           Date:         Description:
      WCJ           06/06/18      Custom UI location per RP as defined in <BuildingBlock><ContentDefinitions><ContentDefinition>
-->
<TrustFrameworkPolicy
  PolicySchemaVersion="0.3.0.0"
  TenantId="arcbsciamb2c.onmicrosoft.com"
  PolicyId="B2C_1A_rp_password_change"
  PublicPolicyUri="http://arcbsciamb2c.onmicrosoft.com"
  xmlns="http://schemas.microsoft.com/online/cpim/schemas/2013/06"
  xmlns:xsd="http://www.w3.org/2001/XMLSchema"
  xmlns:xsi="http://www.w3.org/2001/XMLSchema-instance"
  DeploymentMode="Production"
  UserJourneyRecorderEndpoint="urn:journeyrecorder:applicationinsights"
  >
  <!-- The policy to inherit from using IEF inheritance model -->
  <BasePolicy>
    <TenantId>arcbsciamb2c.onmicrosoft.com</TenantId>
    <PolicyId>B2C_1A_ext</PolicyId>
  </BasePolicy>
  <!-- Override the custom UI location depending on the Relying Party -->
  <BuildingBlocks>
    <!-- Content Definitions for the Relying Party Policy -->
    <!-- Custom UI locations in this section will override what is defined in the extention policy file -->
    <ContentDefinitions>
      <ContentDefinition Id="api.localaccount.login">
        <LoadUri>__customUIPath.login__</LoadUri>
      </ContentDefinition>
      <ContentDefinition Id="api.signin">
        <LoadUri>__customUIPath.login__</LoadUri>
      </ContentDefinition>
      <ContentDefinition Id="api.localaccount.passwordchange">
        <LoadUri>__customUIPath.passwordchange__</LoadUri>
      </ContentDefinition>
      <ContentDefinition Id="api.error">
        <LoadUri>__customUIPath.error__</LoadUri>
      </ContentDefinition>
      <ContentDefinition Id="api.outage">
        <LoadUri>__customUIPath.outage__</LoadUri>
      </ContentDefinition>
    </ContentDefinitions>
    <!-- Localization for the Relying Party Policy -->
    <!-- Strings defined in this section override what is defined in the extention policy file -->
    <Localization Enabled="true">
      <SupportedLanguages DefaultLanguage="en" MergeBehavior="ReplaceAll">
        <SupportedLanguage>en</SupportedLanguage>
      </SupportedLanguages>
      <LocalizedResources Id="api.localaccount.passwordchange.en">
        <LocalizedStrings>
          <LocalizedString ElementType="ErrorMessage" StringId="UserMessageIfInvalidPassword">The current password you entered is incorrect. Please try again.</LocalizedString>
        </LocalizedStrings>
      </LocalizedResources>
      <!-- Password Change First Screen  -->
      <LocalizedResources Id="api.localaccount.login.en">
        <LocalizedStrings>
          <LocalizedString ElementType="UxElement" StringId="verifying_blurb">Please wait while we find your account</LocalizedString>
          <LocalizedString ElementType="ErrorMessage" StringId="requiredFieldMissing">Please enter your registered email address and password to access your appointments.</LocalizedString>
          <LocalizedString ElementType="UxElement" StringId="error_requiredFieldMissing">Please enter your registered email address and password to access your appointments.</LocalizedString>
          <LocalizedString ElementType="ErrorMessage" StringId="UserMessageIfInvalidPassword">Please enter your registered email address and password to access your appointments.</LocalizedString>
          <LocalizedString ElementType="ErrorMessage" StringId="UserMessageIfClaimsPrincipalDoesNotExist">Please enter your registered email address and password to access your appointments.</LocalizedString>
        </LocalizedStrings>
      </LocalizedResources>
    </Localization>
  </BuildingBlocks>
  <!--
    The RelyingParty element specifies the user journey to enforce and the list of claims
    to return to the relying party application as part of the issued token.
   -->
  <RelyingParty>
    <DefaultUserJourney ReferenceId="__PasswordChangeUserJourneyToExecute__" />
    <UserJourneyBehaviors>
      <!--
        With multiple applications and policies in a B2C tenant, user interaction across B2C apps and policies can be managed using the Single sign-on configuration property.
        When set to Tenant (the default setting) this allows multiple applications and policies in the one B2C tenant to share the same user session. With this setting enabled,
        in theory once a user signs into an application such as DMA they should then be able to seamlessly sign in to Donor Portal if access from the same browser.
      -->
      <SingleSignOn Scope="Tenant" />
      <SessionExpiryType>Rolling</SessionExpiryType>
      <SessionExpiryInSeconds>86400</SessionExpiryInSeconds>
      <JourneyInsights TelemetryEngine="ApplicationInsights" InstrumentationKey="__AppInsightsInstrumentationKey__" DeveloperMode="false" ClientEnabled="true" ServerEnabled="true" TelemetryVersion="1.0.0" />
      <!-- Enable JavaScript execution by adding the ScriptExecution element to the RelyingParty element -->
      <ScriptExecution>Allow</ScriptExecution>
    </UserJourneyBehaviors>
    <TechnicalProfile Id="RelyingPartyDMA-PasswordChange">
      <DisplayName>Password Change</DisplayName>
      <Protocol Name="OpenIdConnect" />
      <!-- The output claims sent back to DMA. -->
      <OutputClaims>
        <OutputClaim ClaimTypeReferenceId="email" />
        <OutputClaim ClaimTypeReferenceId="objectId" PartnerClaimType="sub" />
        <OutputClaim ClaimTypeReferenceId="userPrincipalName" />
        <OutputClaim ClaimTypeReferenceId="extension_ContactId" />
        <OutputClaim ClaimTypeReferenceId="trustFrameworkPolicy" Required="true" DefaultValue="{policy}" />
      </OutputClaims>
      <!-- Subject Name is set to the Object ID. -->
      <SubjectNamingInfo ClaimType="sub" />
    </TechnicalProfile>
  </RelyingParty>
</TrustFrameworkPolicy>
