{
    "bld": {
        "certificateType": "ManagedCertificate",
        "class": "npd",
        "target": "my-tst2"
    },
    "dev": {
        "certificateType": "ManagedCertificate",
        "class": "npd",
        "target": "my-tst"
    },
    "dv2": {
        "certificateType": "ManagedCertificate",
        "class": "npd",
        "target": "my-tst1"
    },
    "prd": {
        "certificateType": "CustomerCertificate",
        "class": "prd",
        "target": "my"
    },
    "stg": {
        "certificateType": "CustomerCertificate",
        "class": "prd",
        "target": "my-tst4"
    },
    "tst": {
        "certificateType": "ManagedCertificate",
        "class": "npd",
        "target": "my-tst3"
    },
    "uat": {
        "certificateType": "ManagedCertificate",
        "class": "npd",
        "target": "my-tst5"
    }
}
