{
  "$schema": "https://schema.management.azure.com/schemas/2019-04-01/deploymentTemplate.json#",
  "contentVersion": "1.0.0.0",
  "metadata": {
    "_generator": {
      "name": "bicep",
      "version": "0.4.1.14562",
      "templateHash": "14574378311890430918"
    }
  },
  "parameters": {
    "workspaceName": {
      "type": "string"
    },
      "storageAccountType": {
      "type": "string",
     "defaultValue": "Standard_GRS"

      },
    "location": {
      "type": "string"
    }
  },
  "functions": [],
  "resources": [
    {
      "type": "Microsoft.OperationalInsights/workspaces",
      "apiVersion": "2020-08-01",
      "name": "[parameters('workspaceName')]",
      "location": "[parameters('location')]",
      "properties": {
        "retentionInDays": 30,
        "sku": {
          "name": "PerGB2018"
        }
      }
    },
    {
      "type": "Microsoft.OperationsManagement/solutions",
      "apiVersion": "2015-11-01-preview",
      "name": "[format('SecurityInsights({0})', parameters('workspaceName'))]",
      "location": "[parameters('location')]",
      "properties": {
        "workspaceResourceId": "[resourceId('Microsoft.OperationalInsights/workspaces', parameters('workspaceName'))]"
      },
      "plan": {
        "name": "[format('SecurityInsights({0})', parameters('workspaceName'))]",
        "product": "OMSGallery/SecurityInsights",
        "publisher": "Microsoft",
        "promotionCode": ""
      },
      "dependsOn": [
        "[resourceId('Microsoft.OperationalInsights/workspaces', parameters('workspaceName'))]"
      ]
    }
  ]
}